Date,Intake,CBP_Custody,Transfers_to_HHS,HHS_Care,Discharges,Total_System_Load,Net_Daily_Intake,Care_Load_Growth,Backlog,Rolling7,Rolling14,Volatility,Discharge_Offset_Ratio
2020-01-01,33,53,34,6566,436,6619,-402,,-402,,,,12.823529411764707
2020-01-02,32,49,39,7122,227,7171,-188,8.467864757843447,-590,,,,5.82051282051282
2020-01-03,32,50,39,7280,181,7330,-142,2.218477955630438,-732,,,,4.641025641025641
2020-01-04,47,42,47,7433,175,7475,-128,2.101648351648344,-860,,,,3.723404255319149
2020-01-05,20,22,41,7538,180,7560,-139,1.412619399973103,-999,,,,4.390243902439025
2020-01-06,23,45,11,7472,303,7517,-292,-0.8755638100291896,-1291,,,,27.545454545454547
2020-01-07,34,54,29,7743,196,7797,-167,3.626873661670227,-1458,7352.714285714285,,377.3092075410273,6.758620689655173
2020-01-08,26,36,36,7803,158,7839,-122,0.7748934521503381,-1580,7527.0,,237.9362659761355,4.388888888888889
2020-01-09,25,32,27,7903,231,7935,-204,1.281558374983982,-1784,7636.142857142857,,222.120409216433,8.555555555555555
2020-01-10,15,13,23,7879,298,7892,-275,-0.3036821460205008,-2059,7716.428571428572,,192.63251468608564,12.956521739130435
2020-01-11,16,18,15,7586,342,7604,-327,-3.7187460337606337,-2386,7734.857142857143,,170.59643272103347,22.8
2020-01-12,11,22,12,7720,196,7742,-184,1.7664118112312055,-2570,7760.857142857143,,152.40453686535065,16.333333333333332
2020-01-13,16,20,20,7855,200,7875,-180,1.7487046632124414,-2750,7812.0,,111.51681487560069,10.0
2020-01-14,93,196,169,7915,317,8111,-148,0.7638446849140612,-2898,7856.857142857143,7604.785714285715,157.95930759895634,1.8757396449704142
2020-01-15,124,234,161,7908,353,8142,-192,-0.08843967150978793,-3090,7900.142857142857,7713.571428571428,190.42883935250345,2.1925465838509317
2020-01-16,92,203,173,7434,317,7637,-144,-5.993930197268593,-3234,7857.571428571428,7746.857142857143,213.276703793338,1.8323699421965318
2020-01-17,186,259,172,7483,244,7742,-72,0.6591337099811634,-3306,7836.142857142857,7776.285714285715,216.74826302374026,1.4186046511627908
2020-01-18,154,225,220,7794,223,8019,-3,4.156087130829889,-3309,7895.428571428572,7815.142857142857,198.67130068101022,1.0136363636363637
2020-01-19,91,199,172,7869,290,8068,-118,0.9622786759045487,-3427,7942.0,7851.428571428572,194.8845812269367,1.686046511627907
2020-01-20,81,213,153,7793,361,8006,-208,-0.9658152242978724,-3635,7960.714285714285,7886.357142857143,193.6644127399331,2.3594771241830066
2020-01-21,209,285,184,7817,209,8102,-25,0.3079686898498579,-3660,7959.428571428572,7908.142857142857,192.52693070741418,1.1358695652173914
2020-01-22,184,314,217,7967,213,8281,4,1.9188947166432158,-3656,7979.285714285715,7939.714285714285,219.74053964142158,0.9815668202764977
2020-01-23,107,215,230,7978,232,8193,-2,0.138069536839458,-3658,8058.714285714285,7958.142857142857,170.32685664696692,1.008695652173913
2020-01-24,101,162,178,7914,386,8076,-208,-0.8022060666833752,-3866,8106.428571428572,7971.285714285715,98.42231647827964,2.168539325842697
2020-01-25,99,190,176,7609,323,7799,-147,-3.853929744756124,-4013,8075.0,7985.214285714285,151.69926389625292,1.8352272727272727
2020-01-26,167,239,166,7800,248,8039,-82,2.510185306873436,-4095,8070.857142857143,8006.428571428572,152.3170252810713,1.4939759036144578
2020-01-27,115,216,169,7896,200,8112,-31,1.2307692307692353,-4126,8086.0,8023.357142857143,150.04665940965927,1.183431952662722
2020-01-28,84,158,193,7930,307,8088,-114,0.4305977710233,-4240,8084.0,8021.714285714285,149.89107155975512,1.5906735751295338
2020-01-29,130,227,192,7870,335,8097,-143,-0.7566204287515754,-4383,8057.714285714285,8018.5,123.37438184338126,1.7447916666666667
2020-01-30,88,214,160,7859,259,8073,-99,-0.13977128335450617,-4482,8040.571428571428,8049.642857142857,108.93554232182801,1.61875
2020-01-31,113,208,159,7885,291,8093,-132,0.33083089451584335,-4614,8043.0,8074.714285714285,110.04090148666721,1.830188679245283
2020-02-01,174,285,150,7786,340,8071,-190,-1.2555485098287855,-4804,8081.857142857143,8078.428571428572,23.568542391809025,2.2666666666666666
2020-02-02,104,230,206,7567,249,7797,-43,-2.812740816850756,-4847,8047.285714285715,8059.071428571428,111.26052652177765,1.2087378640776698
2020-02-03,147,276,214,7810,181,8086,33,3.2113122769922064,-4814,8043.571428571428,8064.785714285715,109.15410687471856,0.8457943925233645
2020-02-04,108,220,213,7915,286,8135,-73,1.3444302176696565,-4887,8050.285714285715,8067.142857142857,113.69361501525269,1.3427230046948357
2020-02-05,180,280,146,7989,308,8269,-162,0.934933670246374,-5049,8074.857142857143,8066.285714285715,140.82190711607268,2.1095890410958904
2020-02-06,134,294,186,7885,306,8179,-120,-1.3017899611966421,-5169,8090.0,8065.285714285715,146.18595463768585,1.6451612903225807
2020-02-07,202,313,158,7931,279,8244,-121,0.5833861762840842,-5290,8111.571428571428,8077.285714285715,157.41225825080198,1.7658227848101267
2020-02-08,110,272,193,8050,221,8322,-28,1.5004413062665423,-5318,8147.428571428572,8114.642857142857,174.31088811168303,1.145077720207254
2020-02-09,166,277,229,8097,246,8374,-17,0.5838509316770102,-5335,8229.857142857143,8138.571428571428,102.69603785187509,1.074235807860262
2020-02-10,136,276,178,8102,331,8378,-153,0.06175126590095559,-5488,8271.57142857143,8157.571428571428,93.40745356206719,1.8595505617977528
2020-02-11,87,246,173,7847,352,8093,-179,-3.147371019501355,-5667,8265.57142857143,8157.928571428572,104.35014317646991,2.0346820809248554
2020-02-12,84,171,157,7994,235,8165,-78,1.873327386262269,-5745,8250.714285714286,8162.785714285715,110.97404243892164,1.4968152866242037
2020-02-13,167,209,157,8079,223,8288,-66,1.0632974731048295,-5811,8266.285714285714,8178.142857142857,106.80311213584628,1.4203821656050954
2020-02-14,109,245,159,8208,267,8453,-108,1.596732268845158,-5919,8296.142857142857,8203.857142857143,126.86400667830634,1.679245283018868
2020-02-15,156,256,176,8158,359,8414,-183,-0.6091617933723148,-6102,8309.285714285714,8228.357142857143,134.5234976818864,2.039772727272727
2020-02-16,125,232,192,7981,304,8213,-112,-2.169649423878406,-6214,8286.285714285714,8258.07142857143,135.3756677862335,1.5833333333333333
2020-02-17,118,139,168,8054,284,8193,-116,0.9146723468236972,-6330,8259.857142857143,8265.714285714286,132.51468921270686,1.6904761904761905
2020-02-18,142,235,139,8068,259,8303,-120,0.17382666997765028,-6450,8289.857142857143,8277.714285714286,110.36368450328217,1.8633093525179856
2020-02-19,148,245,175,8175,260,8420,-85,1.3262270699057943,-6535,8326.285714285714,8288.5,104.19487237176413,1.4857142857142858
2020-02-20,119,219,210,8178,284,8397,-74,0.03669724770642979,-6609,8341.857142857143,8304.07142857143,105.65419785226784,1.3523809523809525
2020-02-21,105,210,149,7900,329,8110,-180,-3.3993641477133796,-6789,8292.857142857143,8294.5,123.54139464354955,2.208053691275168
2020-02-22,143,203,163,7826,265,8029,-102,-0.9367088607594942,-6891,8237.857142857143,8273.57142857143,144.5365335263272,1.6257668711656441
2020-02-23,119,209,152,7922,187,8131,-35,1.2266802964477463,-6926,8226.142857142857,8256.214285714286,150.10266328019364,1.230263157894737
2020-02-24,155,212,181,7876,283,8088,-102,-0.5806614491290052,-7028,8211.142857142857,8235.5,158.95222402913186,1.5635359116022098
2020-02-25,109,214,173,7795,370,8009,-197,-1.0284408329101047,-7225,8169.142857142857,8229.5,169.15025723837275,2.138728323699422
2020-02-26,191,283,192,7380,272,7663,-80,-5.32392559332906,-7305,8061.0,8193.642857142857,217.2011356630816,1.4166666666666667
2020-02-27,170,297,196,7344,248,7641,-52,-0.4878048780487809,-7357,7953.0,8147.428571428572,210.1245662299707,1.2653061224489797
2020-02-28,152,272,214,7376,234,7648,-20,0.43572984749455923,-7377,7887.0,8089.928571428572,224.64713070354114,1.0934579439252337
2020-02-29,239,367,224,7356,229,7723,-5,-0.27114967462038564,-7382,7843.285714285715,8040.571428571428,222.16864036561438,1.0223214285714286
2020-03-01,113,280,237,7490,320,7770,-83,1.8216421968461072,-7465,7791.714285714285,8008.928571428572,182.63233949268906,1.350210970464135
2020-03-02,196,306,187,7534,266,7840,-79,0.5874499332443328,-7544,7756.285714285715,7983.714285714285,132.8454167892383,1.4224598930481283
2020-03-03,236,330,222,7796,213,8126,9,3.47756835678259,-7535,7773.0,7971.071428571428,171.6372143019538,0.9594594594594594
2020-03-04,81,230,242,8017,202,8247,40,2.834787070292455,-7495,7856.428571428572,7958.714285714285,238.26096137279038,0.8347107438016529
2020-03-05,118,245,160,8117,256,8362,-96,1.2473493825620574,-7591,7959.428571428572,7956.214285714285,281.52552113017845,1.6
2020-03-06,218,283,208,8159,310,8442,-102,0.5174325489712972,-7693,8072.857142857143,7979.928571428572,294.7781247941257,1.4903846153846154
2020-03-07,132,243,183,8352,293,8595,-110,2.3654859664174577,-7803,8197.42857142857,8020.357142857143,306.31457531044117,1.6010928961748634
2020-03-08,224,315,152,8492,237,8807,-85,1.676245210727978,-7888,8345.57142857143,8068.642857142857,315.76091015347004,1.5592105263157894
2020-03-09,167,326,213,8654,245,8980,-32,1.9076778144135664,-7920,8508.42857142857,8132.357142857143,305.3603647838827,1.1502347417840375
2020-03-10,209,353,232,8704,267,9057,-35,0.5777675063554533,-7955,8641.42857142857,8207.214285714286,313.66800768903926,1.1508620689655173
2020-03-11,153,253,286,8790,332,9043,-46,0.9880514705882248,-8001,8755.142857142857,8305.785714285714,290.25702895388065,1.1608391608391608
2020-03-12,180,337,219,8485,375,8822,-156,-3.469852104664395,-8157,8820.857142857143,8390.142857142857,232.79993454423476,1.7123287671232876
2020-03-13,133,287,189,8590,261,8877,-72,1.2374779021803173,-8229,8883.0,8477.92857142857,162.15321972337344,1.380952380952381
2020-03-14,187,310,247,8606,250,8916,-3,0.1862630966239731,-8232,8928.857142857143,8563.142857142857,100.9842043281974,1.0121457489878543
2020-03-15,168,285,210,8681,304,8966,-94,0.8714850104578176,-8326,8951.57142857143,8648.57142857143,85.73769521594201,1.4476190476190476
2020-03-16,269,412,204,8672,392,9084,-188,-0.10367469185578182,-8514,8966.42857142857,8737.42857142857,99.40633303571889,1.9215686274509804
2020-03-17,100,255,236,8445,288,8700,-52,-2.617619926199266,-8566,8915.42857142857,8778.42857142857,131.56982574894917,1.2203389830508475
2020-03-18,205,294,177,8571,277,8865,-100,1.492007104795734,-8666,8890.0,8822.57142857143,119.44733846619071,1.5649717514124293
2020-03-19,161,304,211,8572,272,8876,-61,0.01166725002916813,-8727,8897.714285714286,8859.285714285714,116.018266213679,1.2890995260663507
2020-03-20,57,162,193,8569,307,8731,-114,-0.03499766682221184,-8841,8876.857142857143,8879.92857142857,132.33849096338668,1.5906735751295338
2020-03-21,80,122,152,8474,351,8596,-199,-1.1086474501108667,-9040,8831.142857142857,8880.0,167.23280038258073,2.3092105263157894
2020-03-22,107,170,133,7826,343,7996,-210,-7.646919990559353,-9250,8692.57142857143,8822.07142857143,344.6408068036599,2.5789473684210527
2020-03-23,99,156,139,7848,240,8004,-101,0.28111423460259743,-9351,8538.285714285714,8752.357142857143,380.12046962583474,1.7266187050359711
2020-03-24,25,66,94,7788,246,7854,-152,-0.7645259938837912,-9503,8417.42857142857,8666.42857142857,448.478857600089,2.617021276595745
2020-03-25,35,70,53,7709,276,7779,-223,-1.0143810991268598,-9726,8262.285714285714,8576.142857142857,455.62876492663236,5.2075471698113205
2020-03-26,43,73,64,7546,408,7619,-344,-2.114411726553378,-10070,8082.714285714285,8490.214285714286,419.72916437694727,6.375
2020-03-27,41,60,71,6996,207,7056,-136,-7.288629737609331,-10206,7843.428571428572,8360.142857142857,463.69884520841845,2.915492957746479
2020-03-28,65,83,65,7046,168,7129,-103,0.7146941109205329,-10309,7633.857142857143,8232.5,393.0018781004491,2.5846153846153848
2020-03-29,38,80,82,7053,210,7133,-128,0.09934714731762995,-10437,7510.571428571428,8101.571428571428,395.8151324136363,2.5609756097560976
2020-03-30,56,82,68,7002,287,7084,-219,-0.7230965546575874,-10656,7379.142857142857,7958.714285714285,355.339006476655,4.220588235294118
2020-03-31,74,103,80,6555,292,6658,-212,-6.383890317052265,-10868,7208.285714285715,7812.857142857143,375.90056942660607,3.65
2020-04-01,68,107,102,6523,189,6630,-87,-0.4881769641495004,-10955,7044.142857142857,7653.214285714285,333.6432368920731,1.8529411764705883
2020-04-02,92,124,93,6508,187,6632,-94,-0.2299555419285615,-11049,6903.142857142857,7492.928571428572,247.7030672475045,2.010752688172043
2020-04-03,113,162,107,6483,208,6645,-101,-0.3841425937307963,-11150,6844.428571428572,7343.928571428572,254.06092257756853,1.9439252336448598
2020-04-04,106,196,131,6446,255,6642,-124,-0.5707234305105668,-11274,6774.857142857143,7204.357142857143,228.54498358927762,1.9465648854961832
2020-04-05,86,152,168,6007,238,6159,-70,-6.810425069810733,-11344,6635.714285714285,7073.142857142857,267.35913068739586,1.4166666666666667
2020-04-06,84,118,136,6021,177,6139,-41,0.2330614283336141,-11385,6500.714285714285,6939.928571428572,240.51175597446698,1.3014705882352942
2020-04-07,59,64,117,6061,146,6125,-29,0.6643414715163498,-11414,6424.571428571428,6816.428571428572,265.4912786658663,1.2478632478632479
2020-04-08,62,97,52,6065,167,6162,-115,0.06599571027883222,-11529,6357.714285714285,6700.928571428572,264.06041877177097,3.2115384615384617
2020-04-09,91,75,97,6038,272,6113,-175,-0.44517724649628665,-11704,6283.571428571428,6593.357142857143,246.4885779253027,2.804123711340206
2020-04-10,29,51,11,5679,142,5730,-131,-5.9456773766147775,-11835,6152.857142857143,6498.642857142857,264.81026451120863,12.909090909090908
2020-04-11,33,53,34,5904,134,5957,-100,3.961965134706813,-11935,6055.0,6414.928571428572,159.5900999436398,3.9411764705882355
2020-04-12,93,196,169,5922,149,6118,20,0.304878048780477,-11915,6049.142857142857,6342.428571428572,155.84546680552026,0.8816568047337278
2020-04-13,124,234,161,5956,207,6190,-46,0.5741303613644,-11961,6056.428571428572,6278.571428571428,161.82383131347902,1.2857142857142858
2020-04-14,92,203,173,5766,263,5969,-90,-3.1900604432505086,-12051,6034.142857142857,6229.357142857143,161.54816471823708,1.5202312138728324
2020-04-15,186,259,172,5819,174,6078,-2,0.9191814082552874,-12053,6022.142857142857,6189.928571428572,153.3812554513451,1.0116279069767442
2020-04-16,154,225,220,5917,155,6142,65,1.684138168070115,-11988,6026.285714285715,6154.928571428572,156.60216504014016,0.7045454545454546
2020-04-17,91,199,172,5999,174,6198,-2,1.3858374176102695,-11990,6093.142857142857,6123.0,97.9428890927256,1.0116279069767442
2020-04-18,81,213,153,6058,213,6271,-60,0.9834972495415872,-12050,6138.0,6096.5,97.09960521728811,1.392156862745098
2020-04-19,209,285,184,5903,309,6188,-125,-2.5586001980851814,-12175,6148.0,6098.571428571428,98.2937773548581,1.6793478260869565
2020-04-20,184,314,217,6127,124,6441,93,3.7946806708453407,-12082,6183.857142857143,6120.142857142857,148.91544420854677,0.5714285714285714
2020-04-21,107,215,230,6193,167,6408,63,1.077199281867136,-12019,6246.571428571428,6140.357142857143,135.15405671912887,0.7260869565217392
2020-04-22,101,162,178,6239,205,6401,-27,0.7427740997900889,-12046,6292.714285714285,6157.428571428572,122.56116063115569,1.151685393258427
2020-04-23,99,190,176,6214,196,6404,-20,-0.40070524122455264,-12066,6330.142857142857,6178.214285714285,108.00529087577229,1.1136363636363635
2020-04-24,167,239,166,6346,163,6585,3,2.124235597038937,-12063,6385.428571428572,6239.285714285715,126.54756305161429,0.9819277108433735
2020-04-25,115,216,169,6498,143,6714,26,2.39520958083832,-12037,6448.714285714285,6293.357142857143,164.78037331122667,0.8461538461538461
2020-04-26,84,158,193,6521,210,6679,-17,0.35395506309634506,-12054,6518.857142857143,6333.428571428572,137.55899167444917,1.0880829015544042
2020-04-27,130,227,192,6604,226,6831,-34,1.272810918570766,-12088,6574.571428571428,6379.214285714285,174.7272704749701,1.1770833333333333
2020-04-28,88,214,160,6468,218,6682,-58,-2.059357964869779,-12146,6613.714285714285,6430.142857142857,161.3729782065508,1.3625
2020-04-29,113,208,159,6632,160,6840,-1,2.535559678416832,-12147,6676.428571428572,6484.571428571428,149.81862049702687,1.0062893081761006
2020-04-30,174,285,150,6874,181,7159,-31,3.648974668275029,-12178,6784.285714285715,6557.214285714285,187.9270375134548,1.2066666666666668
2020-05-01,104,230,206,7001,226,7231,-20,1.8475414605760854,-12198,6876.571428571428,6631.0,228.0795600537166,1.0970873786407767
2020-05-02,147,276,214,7116,281,7392,-67,1.6426224825025093,-12265,6973.428571428572,6711.071428571428,284.5141221702292,1.3130841121495327
2020-05-03,108,220,213,7052,276,7272,-63,-0.8993816750983652,-12328,7058.142857142857,6788.5,270.1576259466915,1.295774647887324
2020-05-04,180,280,146,7220,187,7500,-41,2.382302892796373,-12369,7153.714285714285,6864.142857142857,293.71682183453504,1.2808219178082192
2020-05-05,134,294,186,7510,136,7804,50,4.016620498614953,-12319,7314.0,6963.857142857143,299.48121810892684,0.7311827956989247
2020-05-06,202,313,158,7647,215,7960,-57,1.8242343541944095,-12376,7474.0,7075.214285714285,303.1979551382307,1.360759493670886
2020-05-07,110,272,193,7754,259,8026,-66,1.3992415326271823,-12442,7597.857142857143,7191.071428571428,329.0564432694577,1.3419689119170986
2020-05-08,166,277,229,7671,305,7948,-76,-1.0704152695383051,-12518,7700.285714285715,7288.428571428572,306.66035190186074,1.331877729257642
2020-05-09,136,276,178,7800,220,8076,-42,1.6816581931951458,-12560,7798.0,7385.714285714285,300.9784045409244,1.2359550561797752
2020-05-10,87,246,173,8103,168,8349,5,3.8846153846153753,-12555,7951.857142857143,7505.0,259.72705453445,0.9710982658959537
2020-05-11,84,171,157,8261,271,8432,-114,1.9498951005800347,-12669,8085.0,7619.357142857143,226.20860578972207,1.7261146496815287
2020-05-12,167,209,157,8294,339,8503,-182,0.3994673768308976,-12851,8184.857142857143,7749.428571428572,235.57902323948866,2.159235668789809
2020-05-13,109,245,159,8298,322,8543,-163,0.04822763443452782,-13014,8268.142857142857,7871.071428571428,245.67419384991146,2.0251572327044025
2020-05-14,156,256,176,8493,202,8749,-26,2.349963846710046,-13040,8371.42857142857,7984.642857142857,276.90242393476007,1.1477272727272727
2020-05-15,125,232,192,8725,207,8957,-15,2.7316613681855673,-13055,8515.57142857143,8107.928571428572,282.3153420927457,1.078125
2020-05-16,118,139,168,8888,251,9027,-83,1.8681948424068784,-13138,8651.42857142857,8224.714285714286,263.7384165815486,1.494047619047619
2020-05-17,142,235,139,8914,353,9149,-214,0.29252925292528875,-13352,8765.714285714286,8358.785714285714,283.4411839551434,2.539568345323741
2020-05-18,148,245,175,9634,288,9879,-113,8.077181960960278,-13465,8972.42857142857,8528.714285714286,467.432297109366,1.6457142857142857
2020-05-19,119,219,210,9694,407,9913,-197,0.6227942702927036,-13662,9173.857142857143,8679.357142857143,530.9197769190688,1.938095238095238
2020-05-20,105,210,149,9483,390,9693,-241,-2.1766040850010326,-13903,9338.142857142857,8803.142857142857,478.5141685716239,2.61744966442953
2020-05-21,143,203,163,9668,281,9871,-118,1.9508594326689943,-14021,9498.42857142857,8934.92857142857,434.13932369797374,1.7239263803680982
2020-05-22,119,209,152,9921,230,10130,-78,2.616880430285473,-14099,9666.0,9090.785714285714,416.3408059110317,1.513157894736842
2020-05-23,155,212,181,10071,285,10283,-104,1.5119443604475258,-14203,9845.42857142857,9248.42857142857,362.1794477616482,1.574585635359116
2020-05-24,109,214,173,10026,443,10240,-270,-0.44682752457551045,-14473,10001.285714285714,9383.5,218.96629442728775,2.560693641618497
2020-05-25,191,283,192,9873,488,10156,-296,-1.526032315978454,-14769,10040.857142857143,9506.642857142857,218.21199827336642,2.5416666666666665
2020-05-26,170,297,196,10012,388,10309,-192,1.4078800769776079,-14961,10097.42857142857,9635.642857142857,230.524660389292,1.9795918367346939
2020-05-27,152,272,214,10180,286,10452,-72,1.6779864163004365,-15033,10205.857142857143,9772.0,181.98482406633636,1.3364485981308412
2020-05-28,239,367,224,10280,366,10647,-142,0.982318271119853,-15175,10316.714285714286,9907.57142857143,180.3530928351857,1.6339285714285714
2020-05-29,113,280,237,10140,505,10420,-268,-1.3618677042801508,-15443,10358.142857142857,10012.07142857143,162.76509512317182,2.130801687763713
2020-05-30,196,306,187,9988,293,10294,-106,-1.4990138067061176,-15549,10359.714285714286,10102.57142857143,161.9698678619485,1.5668449197860963
2020-05-31,236,330,222,10142,243,10472,-21,1.541850220264318,-15570,10392.857142857143,10197.07142857143,157.05246317856745,1.0945945945945945
2020-06-01,81,230,242,10356,291,10586,-49,2.1100374679550393,-15619,10454.285714285714,10247.57142857143,130.88253548589802,1.2024793388429753
2020-06-02,118,245,160,10419,398,10664,-238,0.6083429895712644,-15857,10505.0,10301.214285714286,133.94650673550967,2.4875
2020-06-03,218,283,208,10282,382,10565,-174,-1.3149054611766964,-16031,10521.142857142857,10363.5,133.30219874576508,1.8365384615384615
2020-06-04,132,243,183,10492,277,10735,-94,2.042404201517223,-16125,10533.714285714286,10425.214285714286,150.2250692412912,1.5136612021857923
2020-06-05,224,315,152,10649,316,10964,-164,1.496378192908887,-16289,10611.42857142857,10484.785714285714,210.29491762981837,2.0789473684210527
2020-06-06,167,326,213,10678,343,11004,-130,0.2723260400037564,-16419,10712.857142857143,10536.285714285714,202.7645831758016,1.6103286384976525
2020-06-07,209,353,232,10837,414,11190,-182,1.489042891927328,-16601,10815.42857142857,10604.142857142857,238.9866503543663,1.7844827586206897
2020-06-08,153,253,286,10799,427,11052,-141,-0.35065054904493964,-16742,10882.0,10668.142857142857,229.12660255845768,1.493006993006993
2020-06-09,180,337,219,10892,313,11229,-94,0.8611908510047117,-16836,10962.714285714286,10733.857142857143,238.8428453227905,1.4292237442922375
2020-06-10,133,287,189,11095,260,11382,-71,1.8637532133676027,-16907,11079.42857142857,10800.285714285714,209.9776632111165,1.3756613756613756
2020-06-11,187,310,247,11064,364,11374,-117,-0.27940513744930673,-17024,11170.714285714286,10852.214285714286,170.46672626024997,1.4736842105263157
2020-06-12,168,285,210,11067,428,11352,-218,0.027114967462038564,-17242,11226.142857142857,10918.785714285714,154.37014885373833,2.038095238095238
2020-06-13,269,412,204,10744,403,11156,-199,-2.9185867895545337,-17441,11247.857142857143,10980.357142857143,125.99792137356386,1.9754901960784315
2020-06-14,100,255,236,10842,284,11097,-48,0.9121370067014078,-17489,11234.57142857143,11025.0,137.4940691360962,1.2033898305084745
2020-06-15,205,294,177,10978,332,11272,-155,1.2543811104962277,-17644,11266.0,11074.0,111.4914047508416,1.8757062146892656
2020-06-16,161,304,211,11017,331,11321,-120,0.3552559664784072,-17764,11279.142857142857,11120.92857142857,111.82490565071912,1.5687203791469195
2020-06-17,57,162,193,10984,447,11146,-254,-0.2995370790596308,-18018,11245.42857142857,11162.42857142857,111.22028763195576,2.316062176165803
2020-06-18,80,122,152,10598,493,10720,-341,-3.514202476329209,-18359,11152.0,11161.357142857143,213.17520180980068,3.2434210526315788
2020-06-19,107,170,133,10724,284,10894,-151,1.1889035667107084,-18510,11086.57142857143,11156.357142857143,211.84102305172513,2.1353383458646618
2020-06-20,99,156,139,10818,287,10974,-148,0.876538604998145,-18658,11060.57142857143,11154.214285714286,213.06482358099723,2.064748201438849
2020-06-21,25,66,94,10963,330,11029,-236,1.3403586614901153,-18894,11050.857142857143,11142.714285714286,212.6769291447913,3.5106382978723403
2020-06-22,35,70,53,11130,427,11200,-374,1.5233056645078902,-19268,11040.57142857143,11153.285714285714,201.65470251794622,8.056603773584905
2020-06-23,43,73,64,10815,282,10888,-218,-2.8301886792452824,-19486,10978.714285714286,11128.92857142857,164.23632798060729,4.40625
2020-06-24,41,60,71,10910,257,10970,-186,0.878409616273701,-19672,10953.57142857143,11099.5,146.9170481857063,3.619718309859155
2020-06-25,65,83,65,10960,266,11043,-201,0.45829514207149646,-19873,10999.714285714286,11075.857142857143,106.49368414083067,4.092307692307692
2020-06-26,38,80,82,10992,398,11072,-316,0.29197080291971655,-20189,11025.142857142857,11055.857142857143,97.95309859209064,4.853658536585366
2020-06-27,56,82,68,10571,434,10653,-366,-3.8300582241630243,-20555,10979.285714285714,11019.92857142857,172.58979719328818,6.382352941176471
2020-06-28,74,103,80,10629,331,10732,-251,0.5486708920631855,-20806,10936.857142857143,10993.857142857143,193.56345089864402,4.1375
2020-06-29,68,107,102,10630,315,10737,-213,0.009408222786722042,-21019,10870.714285714286,10955.642857142857,165.76862819973016,3.088235294117647
2020-06-30,92,124,93,10511,393,10635,-300,-1.1194731890874832,-21319,10834.57142857143,10906.642857142857,187.52498246260785,4.225806451612903
2020-07-01,113,162,107,10319,406,10481,-299,-1.8266577870801992,-21618,10764.714285714286,10859.142857142857,217.37273233293806,3.794392523364486
2020-07-02,106,196,131,9506,454,9702,-323,-7.878670413799782,-21941,10573.142857142857,10786.42857142857,423.9746173893653,3.4656488549618323
2020-07-03,86,152,168,9436,327,9588,-159,-0.7363770250368162,-22100,10361.142857142857,10693.142857142857,497.5886616377614,1.9464285714285714
2020-07-04,84,118,136,9396,300,9514,-164,-0.4239084357778755,-22264,10198.42857142857,10588.857142857143,567.5540670699147,2.2058823529411766
2020-07-05,59,64,117,9351,293,9415,-176,-0.47892720306513814,-22440,10010.285714285714,10473.57142857143,579.3650876277296,2.5042735042735043
2020-07-06,62,97,52,9235,390,9332,-338,-1.240509036466686,-22778,9809.57142857143,10340.142857142857,526.6146146670582,7.5
2020-07-07,91,75,97,8925,418,9000,-321,-3.356794802382246,-23099,9576.0,10205.285714285714,457.5518185589996,4.309278350515464
2020-07-08,29,51,11,9026,278,9077,-267,1.1316526610644306,-23366,9375.42857142857,10070.07142857143,259.64582103498697,25.272727272727273
2020-07-09,33,53,34,9072,295,9125,-261,0.5096388211832448,-23627,9293.0,9933.07142857143,228.40023350830046,8.676470588235293
2020-07-10,132,235,197,9250,279,9485,-82,1.9620811287478057,-23709,9278.285714285714,9819.714285714286,208.69572291229198,1.416243654822335
2020-07-11,174,208,256,9442,330,9650,-74,2.075675675675681,-23783,9297.714285714286,9748.07142857143,238.49927622926745,1.2890625
2020-07-12,123,230,167,9273,370,9503,-203,-1.7898750264774388,-23986,9310.285714285714,9660.285714285714,247.84787961278036,2.215568862275449
2020-07-13,123,233,159,9286,316,9519,-157,0.14019195513856886,-24143,9337.0,9573.285714285714,260.34144246862974,1.9874213836477987
2020-07-14,141,232,188,9483,231,9715,-43,2.121473185440448,-24186,9439.142857142857,9507.57142857143,245.95014980775608,1.2287234042553192
2020-07-15,158,226,191,9634,310,9860,-119,1.5923231045027908,-24305,9551.0,9463.214285714286,231.4224132043315,1.6230366492146597
2020-07-16,96,160,233,9477,313,9637,-80,-1.629645007265934,-24385,9624.142857142857,9458.57142857143,135.28294863160025,1.3433476394849786
2020-07-17,141,173,129,9510,287,9683,-158,0.34821145932257824,-24543,9652.42857142857,9465.357142857143,121.3203158898106,2.2248062015503876
2020-07-18,116,181,182,9665,247,9846,-65,1.6298633017875819,-24608,9680.42857142857,9489.07142857143,141.5907920061794,1.3571428571428572
2020-07-19,150,157,201,9762,316,9919,-115,1.0036213140196537,-24723,9739.857142857143,9525.07142857143,142.00989234484754,1.572139303482587
2020-07-20,80,176,125,9762,374,9938,-249,0.0,-24972,9799.714285714286,9568.357142857143,120.00238092870512,2.992
2020-07-21,116,188,164,9573,435,9761,-271,-1.9360786724031964,-25243,9806.285714285714,9622.714285714286,115.77523380192969,2.652439024390244
2020-07-22,105,185,158,9638,298,9823,-140,0.6789930011490641,-25383,9801.0,9676.0,113.74093370456664,1.8860759493670887
2020-07-23,136,246,123,9804,250,10050,-127,1.7223490350695148,-25510,9860.0,9742.07142857143,121.35347818111475,2.032520325203252
2020-07-24,128,228,177,9838,283,10066,-106,0.3467972256221863,-25616,9914.714285714286,9783.57142857143,114.39072556473589,1.5988700564971752
2020-07-25,90,196,205,9845,312,10041,-107,0.07115267330757291,-25723,9942.57142857143,9811.5,118.53671321975126,1.5219512195121951
2020-07-26,56,82,68,10123,214,10205,-146,2.823768410360583,-25869,9983.42857142857,9861.642857142857,153.2610595713807,3.1470588235294117
2020-07-27,74,103,80,10223,223,10326,-143,0.9878494517435499,-26012,10038.857142857143,9919.285714285714,197.78728352399307,2.7875
2020-07-28,68,107,102,10398,284,10505,-182,1.7118262740878354,-26194,10145.142857142857,9975.714285714286,222.00857984276684,2.784313725490196
2020-07-29,92,124,93,10536,320,10660,-227,1.3271783035199158,-26421,10264.714285714286,10032.857142857143,243.9082575380193,3.4408602150537635
2020-07-30,132,235,197,10579,417,10814,-220,0.40812452543659283,-26641,10373.857142857143,10116.92857142857,296.97779298089927,2.116751269035533
2020-07-31,174,208,256,10635,273,10843,-17,0.5293506002457704,-26658,10484.857142857143,10199.785714285714,307.74633957824364,1.06640625
2020-08-01,123,230,167,10761,261,10991,-94,1.1847672778561247,-26752,10620.57142857143,10281.57142857143,288.2388229361538,1.562874251497006
2020-08-02,123,233,159,10832,376,11065,-217,0.6597899823436393,-26969,10743.42857142857,10363.42857142857,263.8338221576001,2.3647798742138364
2020-08-03,141,232,188,10897,466,11129,-278,0.6000738552437213,-27247,10858.142857142857,10448.5,223.58922795418246,2.478723404255319
2020-08-04,158,226,191,10871,411,11097,-220,-0.23859777920528513,-27467,10942.714285714286,10543.92857142857,174.27441415359138,2.1518324607329844
2020-08-05,96,160,233,10998,304,11158,-71,1.1682457915555222,-27538,11013.857142857143,10639.285714285714,137.36863855025416,1.3047210300429184
2020-08-06,141,173,129,11077,259,11250,-130,0.7183124204400704,-27668,11076.142857142857,10725.0,130.31043520692515,2.007751937984496
2020-08-07,116,181,182,11192,335,11373,-153,1.0381872348108612,-27821,11151.857142857143,10818.357142857143,126.17769027771736,1.8406593406593406
2020-08-08,150,157,201,11242,396,11399,-195,0.44674767691208483,-28016,11210.142857142857,10915.357142857143,133.5095858873831,1.9701492537313432
2020-08-09,80,176,125,11092,456,11268,-331,-1.3342821561999618,-28347,11239.142857142857,10991.285714285714,117.85786435570472,3.648
2020-08-10,116,188,164,11149,364,11337,-200,0.5138838802740686,-28547,11268.857142857143,11063.5,111.50998247012784,2.2195121951219514
2020-08-11,105,185,158,11291,272,11476,-114,1.2736568302089912,-28661,11323.0,11132.857142857143,106.03458555276269,1.7215189873417722
2020-08-12,136,246,123,11516,390,11762,-267,1.9927375786024326,-28928,11409.285714285714,11211.57142857143,173.60848124996312,3.1707317073170733
2020-08-13,128,228,177,11375,497,11603,-320,-1.2243834664814157,-29248,11459.714285714286,11267.92857142857,170.87589481429532,2.8079096045197742
2020-08-14,90,196,205,11144,347,11340,-142,-2.030769230769236,-29390,11455.0,11303.42857142857,174.0919297383271,1.6926829268292682
2020-08-15,56,82,68,11217,288,11299,-220,0.655061019382619,-29610,11440.714285714286,11325.42857142857,183.3118602143695,4.235294117647059
2020-08-16,74,103,80,11206,335,11309,-255,-0.09806543639119258,-29865,11446.57142857143,11342.857142857143,177.43436076748748,4.1875
2020-08-17,68,107,102,11230,357,11337,-255,0.21417097983222888,-30120,11446.57142857143,11357.714285714286,177.43436076748748,3.5
2020-08-18,92,124,93,10870,290,10994,-197,-3.2056990204808566,-30317,11377.714285714286,11350.357142857143,244.8344435775295,3.118279569892473
2020-08-19,113,162,107,10770,316,10932,-209,-0.9199632014719406,-30526,11259.142857142857,11334.214285714286,228.12089526642472,2.953271028037383
2020-08-20,106,196,131,10718,263,10914,-132,-0.48282265552460624,-30658,11160.714285714286,11310.214285714286,202.19768733077967,2.0076335877862594
2020-08-21,86,152,168,10558,362,10710,-194,-1.4928158238477374,-30852,11070.714285714286,11262.857142857143,244.81402076252658,2.1547619047619047
2020-08-22,84,118,136,9670,367,9788,-231,-8.41068384163668,-31083,10854.857142857143,11147.785714285714,520.6862230337483,2.698529411764706
2020-08-23,59,64,117,9670,367,9734,-250,0.0,-31333,10629.857142857143,11038.214285714286,622.1447925179054,3.1367521367521367
2020-08-24,62,97,52,9311,286,9408,-234,-3.7125129265770385,-31567,10354.285714285714,10900.42857142857,681.1377037197201,5.5
2020-08-25,91,75,97,9144,349,9219,-252,-1.7935774889915157,-31819,10100.714285714286,10739.214285714286,731.8061478938515,3.597938144329897
2020-08-26,29,51,11,8829,476,8880,-465,-3.4448818897637845,-32284,9807.57142857143,10533.357142857143,753.9694638252598,43.27272727272727
2020-08-27,33,53,34,8033,234,8086,-200,-9.015743572318492,-32484,9403.57142857143,10282.142857142857,817.3057072158582,6.882352941176471
2020-08-28,32,49,39,8133,188,8182,-149,1.2448649321548544,-32633,9042.42857142857,10056.57142857143,692.873691505851,4.82051282051282
2020-08-29,80,176,125,8072,353,8248,-228,-0.7500307389647132,-32861,8822.42857142857,9838.642857142857,660.4144802427315,2.824
2020-08-30,116,188,164,8042,359,8230,-195,-0.3716551040634286,-33056,8607.57142857143,9618.714285714286,549.8102270004404,2.1890243902439024
2020-08-31,105,185,158,7974,371,8159,-213,-0.8455608057697073,-33269,8429.142857142857,9391.714285714286,438.06788993313035,2.348101265822785
2020-09-01,136,246,123,8008,222,8254,-99,0.4263857536995319,-33368,8291.285714285714,9196.0,266.2046294899718,1.8048780487804879
2020-09-02,128,228,177,8133,202,8361,-25,1.5609390609390594,-33393,8217.142857142857,9012.357142857143,86.58796793125593,1.1412429378531073
2020-09-03,90,196,205,8212,243,8408,-38,0.9713512848887218,-33431,8263.142857142857,8833.357142857143,90.73850445353617,1.1853658536585365
2020-09-04,102,189,155,8180,293,8369,-138,-0.3896736483195329,-33569,8289.857142857143,8666.142857142857,90.39437403473288,1.8903225806451613
2020-09-05,120,257,126,8004,307,8261,-181,-2.1515892420537863,-33750,8291.714285714286,8557.07142857143,89.52041533579423,2.4365079365079363
2020-09-06,137,272,166,8057,195,8329,-29,0.6621689155422272,-33779,8305.857142857143,8456.714285714286,85.89223591492177,1.1746987951807228
2020-09-07,93,198,208,8182,187,8380,21,1.5514459476231757,-33758,8337.42857142857,8383.285714285714,59.466677343485316,0.8990384615384616
2020-09-08,203,477,258,8153,266,8630,-8,-0.3544365680762662,-33766,8391.142857142857,8341.214285714286,115.22359216091449,1.0310077519379846
2020-09-09,222,459,289,8026,337,8485,-48,-1.557708818839687,-33814,8408.857142857143,8313.0,119.27758740489108,1.166089965397924
2020-09-10,253,531,248,7813,342,8344,-94,-2.6538749065536993,-33908,8399.714285714286,8331.42857142857,121.78083358459986,1.3790322580645162
2020-09-11,157,466,345,7872,242,8338,103,0.7551516702930972,-33805,8395.285714285714,8342.57142857143,123.63348290502329,0.7014492753623188
2020-09-12,291,455,323,8045,178,8500,145,2.197662601626016,-33660,8429.42857142857,8360.57142857143,112.90387820741242,0.5510835913312694
2020-09-13,227,453,330,8160,222,8613,108,1.429459291485391,-33552,8470.0,8387.92857142857,121.50034293499634,0.6727272727272727
2020-09-14,298,499,358,8188,315,8687,43,0.34313725490195957,-33509,8513.857142857143,8425.642857142857,137.90023999422334,0.8798882681564246
2020-09-15,205,515,226,8056,347,8571,-121,-1.6121152906692693,-33630,8505.42857142857,8448.285714285714,131.2616434744259,1.5353982300884956
2020-09-16,213,430,440,8092,234,8522,206,0.4468718967229446,-33424,8510.714285714286,8459.785714285714,131.0467019624162,0.5318181818181819
2020-09-17,227,369,349,8348,160,8717,189,3.1636183885318747,-33235,8564.0,8481.857142857143,127.75236462255754,0.4584527220630373
2020-09-18,185,322,272,8512,230,8834,42,1.964542405366565,-33193,8634.857142857143,8515.07142857143,118.74542597702215,0.8455882352941176
2020-09-19,333,508,272,8463,312,8971,-40,-0.5756578947368474,-33233,8702.142857142857,8565.785714285714,156.90594695697297,1.1470588235294117
2020-09-20,249,420,371,8380,218,8800,153,-0.9807396904171095,-33080,8728.857142857143,8599.42857142857,155.10795012011604,0.5876010781671159
2020-09-21,149,395,273,8488,192,8883,81,1.288782816229106,-32999,8756.857142857143,8635.357142857143,163.74312053884194,0.7032967032967034
2020-09-22,232,430,318,8573,231,9003,87,1.0014137606032092,-32912,8818.57142857143,8662.0,163.42873792861678,0.7264150943396226
2020-09-23,165,400,292,8607,293,9007,-1,0.39659395777440487,-32913,8887.857142857143,8699.285714285714,111.20615776024992,1.0034246575342465
2020-09-24,244,482,366,8404,329,8886,37,-2.3585453700476378,-32876,8912.0,8738.0,82.59539938754487,0.8989071038251366
2020-09-25,199,438,326,8404,329,8842,-3,0.0,-32879,8913.142857142857,8774.0,81.38269384292278,1.00920245398773
2020-09-26,197,369,306,8650,206,9019,100,2.9271775345073747,-32779,8920.0,8811.07142857143,88.75809822201037,0.673202614379085
2020-09-27,209,447,274,8699,257,9146,17,0.5664739884392977,-32762,8969.42857142857,8849.142857142857,105.54755191037727,0.9379562043795621
2020-09-28,262,444,354,8724,299,9168,55,0.28738935509828867,-32707,9010.142857142857,8883.5,120.55348546239132,0.844632768361582
2020-09-29,236,468,347,8594,354,9062,-7,-1.4901421366345757,-32714,9018.57142857143,8918.57142857143,122.02439256534137,1.0201729106628241
2020-09-30,225,509,340,8660,229,9169,111,0.7679776588317422,-32603,9041.714285714286,8964.785714285714,134.2171304089993,0.6735294117647059
2020-10-01,246,472,345,8800,214,9272,131,1.616628175519641,-32472,9096.857142857143,9004.42857142857,138.79532721648562,0.6202898550724638
2020-10-02,230,457,277,8870,232,9327,45,0.7954545454545547,-32427,9166.142857142857,9039.642857142857,108.00837710010346,0.8375451263537906
2020-10-03,181,424,328,8902,305,9326,23,0.3607666290868172,-32404,9210.0,9065.0,100.36101500743203,0.9298780487804879
2020-10-04,190,368,326,8714,373,9082,-47,-2.1118849696697417,-32451,9200.857142857143,9085.142857142857,109.64857283064921,1.1441717791411044
2020-10-05,178,336,290,8757,253,9093,37,0.49345880192792624,-32414,9190.142857142857,9100.142857142857,116.8238397066206,0.8724137931034482
2020-10-06,154,294,290,8843,213,9137,77,0.9820714856686008,-32337,9200.857142857143,9109.714285714286,106.05569067144957,0.7344827586206897
2020-10-07,165,358,167,8819,239,9177,-72,-0.271401108221192,-32409,9202.0,9121.857142857143,105.69768209373693,1.4311377245508983
2020-10-08,166,301,252,8695,310,8996,-58,-1.4060551082889172,-32467,9162.57142857143,9129.714285714286,124.95713550763955,1.2301587301587302
2020-10-09,127,260,259,8373,342,8633,-83,-3.703277745830935,-32550,9063.42857142857,9114.785714285714,215.36392234450167,1.3204633204633205
2020-10-10,123,243,188,8333,283,8576,-95,-0.47772602412516907,-32645,8956.285714285714,9083.142857142857,247.17585796734875,1.5053191489361701
2020-10-11,99,202,256,8390,197,8592,59,0.6840273610944525,-32586,8886.285714285714,9043.57142857143,273.61025461148597,0.76953125
2020-10-12,91,181,174,8365,227,8546,-53,-0.29797377830751426,-32639,8808.142857142857,8999.142857142857,282.69384415618407,1.3045977011494252
2020-10-13,132,261,141,8292,235,8553,-94,-0.8726838015540972,-32733,8724.714285714286,8962.785714285714,254.20576592312676,1.6666666666666667
2020-10-14,124,264,221,7899,373,8163,-152,-4.739507959479017,-32885,8579.857142857143,8890.92857142857,242.14281500208972,1.6877828054298643
2020-10-15,128,242,224,7899,229,8141,-5,0.0,-32890,8457.714285714286,8810.142857142857,210.86624060898347,1.0223214285714286
2020-10-16,187,276,200,7919,208,8195,-8,0.25319660716547343,-32898,8395.142857142857,8729.285714285714,215.1258767725017,1.04
2020-10-17,129,287,185,7893,215,8180,-30,-0.328324283369108,-32928,8338.57142857143,8647.42857142857,211.67967714043985,1.162162162162162
2020-10-18,161,288,248,7762,360,8050,-112,-1.6596984669960735,-33040,8261.142857142857,8573.714285714286,202.45610929401886,1.4516129032258065
2020-10-19,105,254,151,7257,287,7511,-136,-6.5060551404277245,-33176,8113.285714285715,8460.714285714286,309.4267356934444,1.900662251655629
2020-10-20,109,235,171,7271,172,7506,-1,0.19291718340912478,-33177,7963.714285714285,8344.214285714286,314.4612929470036,1.0058479532163742
2020-10-21,101,230,175,7340,132,7570,43,0.9489753816531499,-33134,7879.0,8229.42857142857,331.25418236352897,0.7542857142857143
2020-10-22,124,230,190,7346,163,7576,27,0.08174386920980492,-33107,7798.285714285715,8128.0,325.5603959767966,0.8578947368421053
2020-10-23,95,226,152,7317,225,7543,-73,-0.394772665396137,-33180,7705.142857142857,8050.142857142857,283.7242960877229,1.480263157894737
2020-10-24,106,239,233,6982,279,7221,-46,-4.578379117124509,-33226,7568.142857142857,7953.357142857143,245.12542950594627,1.1974248927038627
2020-10-25,102,230,167,6988,199,7218,-32,0.08593526210254332,-33258,7449.285714285715,7855.214285714285,159.18722131053894,1.1916167664670658
2020-10-26,118,231,217,7043,130,7274,87,0.7870635374928492,-33171,7415.428571428572,7764.357142857143,168.7876942027616,0.5990783410138248
2020-10-27,117,244,142,6999,227,7243,-85,-0.6247337782195106,-33256,7377.857142857143,7670.785714285715,174.44333231876652,1.5985915492957747
2020-10-28,183,221,220,6912,285,7133,-65,-1.243034719245606,-33321,7315.428571428572,7597.214285714285,172.4034581467324,1.2954545454545454
2020-10-29,128,245,243,6630,290,6875,-47,-4.079861111111116,-33368,7215.285714285715,7506.785714285715,197.57590464233786,1.1934156378600822
2020-10-30,144,303,176,6681,191,6984,-15,0.7692307692307665,-33383,7135.428571428572,7420.285714285715,150.37381990987,1.0852272727272727
2020-10-31,219,392,205,6685,163,7077,42,0.05987127675497472,-33341,7114.857142857143,7341.5,146.5166982194972,0.7951219512195122
2020-11-01,182,371,274,6725,227,7096,47,0.5983545250560995,-33294,7097.428571428572,7273.357142857143,139.28012198785862,0.8284671532846716
2020-11-02,144,322,258,6728,260,7050,-2,0.04460966542751965,-33296,7065.428571428572,7240.428571428572,115.6847110942187,1.0077519379844961
2020-11-03,208,380,343,6745,240,7125,103,0.25267538644471177,-33193,7048.571428571428,7213.214285714285,91.58394535954186,0.6997084548104956
2020-11-04,176,424,251,6799,214,7223,37,0.8005930318754739,-33156,7061.428571428572,7188.428571428572,109.8982213123556,0.852589641434263
2020-11-05,252,427,307,6967,134,7394,173,2.4709516105309692,-32983,7135.571428571428,7175.428571428572,135.29825958828593,0.4364820846905538
2020-11-06,253,411,307,7128,154,7539,153,2.3108942155877665,-32830,7214.857142857143,7175.142857142857,185.11746592495257,0.501628664495114
2020-11-07,145,357,333,7209,217,7566,116,1.1363636363636465,-32714,7284.714285714285,7199.785714285715,214.3779484039909,0.6516516516516516
2020-11-08,158,349,365,7298,250,7647,115,1.2345679012345734,-32599,7363.428571428572,7230.428571428572,233.8139268327516,0.684931506849315
2020-11-09,140,292,255,7373,187,7665,68,1.0276788161140082,-32531,7451.285714285715,7258.357142857143,210.827507918764,0.7333333333333333
2020-11-10,220,443,194,7431,135,7874,59,0.7866540078665496,-32472,7558.285714285715,7303.428571428572,207.67419538442718,0.6958762886597938
2020-11-11,197,437,295,7508,190,7945,105,1.0361997039429527,-32367,7661.428571428572,7361.428571428572,192.1083523629731,0.6440677966101694
2020-11-12,206,411,293,7577,194,7988,99,0.9190197123068788,-32268,7746.285714285715,7440.928571428572,185.36424887745034,0.6621160409556314
2020-11-13,150,315,228,7447,332,7762,-104,-1.7157186221459675,-32372,7778.142857142857,7496.5,161.41812018421564,1.456140350877193
2020-11-14,173,337,211,7449,205,7786,6,0.02685645226265798,-32366,7809.571428571428,7547.142857142857,131.95814632279647,0.9715639810426541
2020-11-15,176,334,246,7566,163,7900,83,1.5706806282722585,-32283,7845.714285714285,7604.571428571428,113.34418715532232,0.6626016260162602
2020-11-16,167,374,205,7583,202,7957,3,0.2246893999471311,-32280,7887.428571428572,7669.357142857143,86.24356428712895,0.9853658536585366
2020-11-17,138,285,268,7570,244,7855,24,-0.17143610708163504,-32256,7884.714285714285,7721.5,87.03201381426952,0.9104477611940298
2020-11-18,138,301,263,7464,245,7765,18,-1.4002642007926003,-32238,7859.0,7760.214285714285,92.66067126886054,0.9315589353612167
2020-11-19,112,331,167,7499,157,7830,10,0.4689174705251986,-32228,7836.428571428572,7791.357142857143,73.20031225535581,0.9401197604790419
2020-11-20,246,419,218,7546,186,7965,32,0.6267502333644481,-32196,7865.428571428572,7821.785714285715,78.79690590973851,0.8532110091743119
2020-11-21,115,285,341,7589,265,7874,76,0.5698383249403749,-32120,7878.0,7843.785714285715,70.60689295903839,0.7771260997067448
2020-11-22,206,340,214,7565,234,7905,-20,-0.3162471998945815,-32140,7878.714285714285,7862.214285714285,70.89126482555662,1.0934579439252337
2020-11-23,143,295,278,7356,298,7651,-20,-2.762723066754791,-32160,7835.0,7861.214285714285,102.06370559604328,1.0719424460431655
2020-11-24,111,268,217,7368,192,7636,25,0.16313213703098572,-32135,7803.714285714285,7844.214285714285,125.73214158904337,0.8847926267281107
2020-11-25,196,348,176,7404,145,7752,31,0.48859934853420217,-32104,7801.857142857143,7830.428571428572,126.49298870084463,0.8238636363636364
2020-11-26,168,349,272,7474,208,7823,64,0.9454349000540319,-32040,7800.857142857143,7818.642857142857,126.26087883349041,0.7647058823529411
2020-11-27,193,272,314,7494,227,7766,87,0.26759432700027563,-31953,7772.428571428572,7818.928571428572,103.49373111907894,0.7229299363057324
2020-11-28,156,344,252,7365,167,7709,85,-1.7213771016813428,-31868,7748.857142857143,7813.428571428572,94.94108448825176,0.6626984126984127
2020-11-29,153,348,239,7418,151,7766,88,0.7196198234894702,-31780,7729.0,7803.857142857143,67.37457482855964,0.6317991631799164
2020-11-30,182,462,158,7491,141,7953,17,0.9840927473712568,-31763,7772.142857142857,7803.571428571428,98.5721877127213,0.8924050632911392
2020-12-01,167,406,339,7563,190,7969,149,0.9611533840608644,-31614,7819.714285714285,7811.714285714285,102.20520907419775,0.56047197640118
2020-12-02,159,330,322,7546,306,7876,16,-0.2247785270395375,-31598,7837.428571428572,7819.642857142857,99.21501422473682,0.9503105590062112
2020-12-03,109,244,257,7596,224,7840,33,0.662602703419024,-31565,7839.857142857143,7820.357142857143,99.01082191931614,0.8715953307392996
2020-12-04,260,356,176,7565,203,7921,-27,-0.4081095313322791,-31592,7862.0,7817.214285714285,97.0532499884932,1.1534090909090908
2020-12-05,173,345,291,7691,198,8036,93,1.6655651024454654,-31499,7908.714285714285,7828.785714285715,89.54275382129087,0.6804123711340206
2020-12-06,179,326,282,7741,238,8067,44,0.650110518788205,-31455,7951.714285714285,7840.357142857143,81.49788194732571,0.8439716312056738
2020-12-07,116,289,166,7451,312,7740,-146,-3.746286009559485,-31601,7921.285714285715,7846.714285714285,114.15736840826472,1.8795180722891567
2020-12-08,184,334,229,7439,212,7773,17,-0.16105220775735063,-31584,7893.285714285715,7856.5,124.10709660840098,0.925764192139738
2020-12-09,186,352,224,7493,156,7845,68,0.7259040193574373,-31516,7888.857142857143,7863.142857142857,125.37334720933208,0.6964285714285714
2020-12-10,152,266,274,7548,212,7814,62,0.734018417189386,-31454,7885.142857142857,7862.5,127.43027972374435,0.7737226277372263
2020-12-11,167,293,230,7544,259,7837,-29,-0.05299417064122958,-31483,7873.142857142857,7867.571428571428,127.44597361420139,1.126086956521739
2020-12-12,204,315,233,7307,294,7622,-61,-3.141569459172855,-31544,7814.0,7861.357142857143,135.10489751792437,1.261802575107296
2020-12-13,159,310,272,7318,224,7628,48,0.15054057752839078,-31496,7751.285714285715,7851.5,93.6086076627941,0.8235294117647058
2020-12-14,160,297,253,7340,214,7637,39,0.3006285870456482,-31457,7736.571428571428,7828.928571428572,103.27448401040078,0.8458498023715415
2020-12-15,204,321,246,7433,198,7754,48,1.267029972752054,-31409,7733.857142857143,7813.571428571428,102.40349696407671,0.8048780487804879
2020-12-16,145,247,243,7431,235,7678,8,-0.026907036189960376,-31401,7710.0,7799.428571428572,91.01465083524833,0.9670781893004116
2020-12-17,102,227,201,7247,294,7474,-93,-2.4761135782532584,-31494,7661.428571428572,7773.285714285715,114.0670229044369,1.462686567164179
2020-12-18,116,175,172,7239,202,7414,-30,-0.11039050641644677,-31524,7601.0,7737.071428571428,117.54573577972005,1.1744186046511629
2020-12-19,172,263,191,7239,202,7502,-11,0.0,-31535,7583.857142857143,7698.928571428572,122.61379554168713,1.057591623036649
2020-12-20,132,235,197,7268,187,7503,10,0.4006078187595019,-31525,7566.0,7658.642857142857,124.20547491956971,0.949238578680203
2020-12-21,174,208,256,7248,268,7456,-12,-0.27517886626307053,-31537,7540.142857142857,7638.357142857143,125.79139950915626,1.046875
2020-12-22,123,230,167,6874,273,7104,-106,-5.160044150110377,-31643,7447.285714285715,7590.571428571428,172.75677920678265,1.6347305389221556
2020-12-23,123,233,159,6825,229,7058,-70,-0.7128309572301372,-31713,7358.714285714285,7534.357142857143,192.5571034660489,1.440251572327044
2020-12-24,141,232,188,6823,184,7055,4,-0.02930402930403364,-31709,7298.857142857143,7480.142857142857,214.60850291590566,0.9787234042553191
2020-12-25,158,226,191,6790,225,7016,-34,-0.4836582148614932,-31743,7242.0,7421.5,231.10675743761848,1.1780104712041886
2020-12-26,96,160,233,6599,213,6759,20,-2.812960235640649,-31723,7135.857142857143,7359.857142857143,260.54009836710355,0.9141630901287554
2020-12-27,141,173,129,6617,123,6790,6,0.27276860130323044,-31717,7034.0,7300.0,230.75455936267883,0.9534883720930233
2020-12-28,116,181,182,6651,130,6832,52,0.5138280187396038,-31665,6944.857142857143,7242.5,145.24740797620842,0.7142857142857143
2020-12-29,150,157,201,6649,177,6806,24,-0.03007066606525166,-31641,6902.285714285715,7174.785714285715,134.0705215992781,0.8805970149253731
2020-12-30,80,176,125,6640,197,6816,-72,-0.13535870055647603,-31713,6867.714285714285,7113.214285714285,117.38925885802303,1.576
2020-12-31,116,188,164,6308,237,6496,-73,-5.000000000000004,-31786,6787.857142857143,7043.357142857143,153.3714755872409,1.4451219512195121
2021-01-01,105,185,158,6283,171,6468,-13,-0.39632213062777977,-31799,6709.571428571428,6975.785714285715,157.3190570601161,1.0822784810126582
2021-01-02,136,246,123,6239,173,6485,-50,-0.7003024033105154,-31849,6670.428571428572,6903.142857142857,175.95440426698877,1.4065040650406504
2021-01-03,128,228,177,6228,187,6456,-10,-0.17631030613880494,-31859,6622.714285714285,6828.357142857143,183.2600286348248,1.0564971751412429
2021-01-04,90,196,205,6058,262,6254,-57,-2.729608220937696,-31916,6540.142857142857,6742.5,202.45528606865724,1.278048780487805
2021-01-05,102,189,155,6002,234,6191,-79,-0.9243974909210917,-31995,6452.285714285715,6677.285714285715,201.29473770710126,1.5096774193548388
2021-01-06,120,257,126,5965,170,6222,-44,-0.6164611796067976,-32039,6367.428571428572,6617.571428571428,137.51103851795025,1.3492063492063493
2021-01-07,137,272,166,5927,177,6199,-11,-0.6370494551550698,-32050,6325.0,6556.428571428572,137.0474370427976,1.0662650602409638
2021-01-08,93,198,208,5954,194,6152,14,0.45554243293401964,-32036,6279.857142857143,6494.714285714285,134.10621234855554,0.9326923076923077
2021-01-09,152,290,199,5743,207,6033,-8,-3.54383607658717,-32044,6215.285714285715,6442.857142857143,127.52478750647376,1.0402010050251256
2021-01-10,114,210,219,5819,163,6029,56,1.3233501654187796,-31988,6154.285714285715,6388.5,89.71011515935527,0.7442922374429224
2021-01-11,125,203,208,5930,92,6133,116,1.9075442515896102,-31872,6137.0,6338.571428571428,78.2155142325788,0.4423076923076923
2021-01-12,140,261,163,5963,154,6224,9,0.5564924114671133,-31863,6141.714285714285,6297.0,82.86880049354016,0.9447852760736196
2021-01-13,227,298,212,6016,169,6314,43,0.8888143551903482,-31820,6154.857142857143,6261.142857142857,102.65708056669179,0.7971698113207547
2021-01-14,63,167,143,5943,170,6110,-27,-1.2134308510638347,-31847,6142.142857142857,6233.571428571428,101.7864243918424,1.1888111888111887
2021-01-15,172,259,138,5950,150,6209,-12,0.11778563015312216,-31859,6150.285714285715,6215.071428571428,104.93762319542412,1.0869565217391304
2021-01-16,163,283,200,5998,143,6281,57,0.806722689075623,-31802,6185.714285714285,6200.5,100.51154873232947,0.715
2021-01-17,135,273,207,6038,174,6311,33,0.6668889629876551,-31769,6226.0,6190.142857142857,82.0487659870638,0.8405797101449275
2021-01-18,119,230,213,6084,174,6314,39,0.7618416694269659,-31730,6251.857142857143,6194.428571428572,76.16523391379272,0.8169014084507042
2021-01-19,95,211,140,5894,249,6105,-109,-3.1229454306377358,-31839,6234.857142857143,6188.285714285715,94.49414191971276,1.7785714285714285
2021-01-20,109,219,155,5903,148,6122,7,0.152697658635903,-31832,6207.428571428572,6181.142857142857,95.55252856039834,0.9548387096774194
2021-01-21,162,239,189,5981,123,6220,66,1.321362019312211,-31766,6223.142857142857,6182.642857142857,85.36085865592133,0.6507936507936508
2021-01-22,109,226,191,5987,178,6213,13,0.10031767262999036,-31753,6223.714285714285,6187.0,85.26373649978488,0.9319371727748691
2021-01-23,124,241,156,5895,220,6136,-64,-1.5366627693335522,-31817,6203.0,6194.357142857143,86.62947920117416,1.4102564102564104
2021-01-24,86,244,235,5821,178,6065,57,-1.255301102629347,-31760,6167.857142857143,6196.928571428572,85.40380274794285,0.7574468085106383
2021-01-25,176,254,162,5865,158,6119,4,0.7558838687510727,-31756,6140.0,6195.928571428572,56.80375574437556,0.9753086419753086
2021-01-26,136,274,245,5995,112,6269,133,2.2165387894288235,-31623,6163.428571428572,6199.142857142857,71.8026395588565,0.45714285714285713
2021-01-27,134,245,167,6028,156,6273,11,0.5504587155963359,-31612,6185.0,6196.214285714285,79.54663202591706,0.9341317365269461
2021-01-28,182,307,205,6054,171,6361,34,0.431320504313204,-31578,6205.142857142857,6214.142857142857,103.98466004084196,0.8341463414634146
2021-01-29,149,285,222,6152,97,6437,125,1.6187644532540402,-31453,6237.142857142857,6230.428571428572,136.26252672865016,0.4369369369369369
2021-01-30,170,285,178,6227,134,6512,44,1.2191157347204218,-31409,6290.857142857143,6246.928571428572,161.51617934583516,0.7528089887640449
2021-01-31,145,295,188,6250,169,6545,19,0.3693592420106029,-31390,6359.428571428572,6263.642857142857,151.21051235816444,0.898936170212766
2021-02-01,133,270,198,6192,129,6462,69,-0.9279999999999955,-31321,6408.428571428572,6274.214285714285,110.3749022541737,0.6515151515151515
2021-02-02,131,263,177,6272,112,6535,65,1.2919896640826822,-31256,6446.428571428572,6304.928571428572,99.63911069932111,0.632768361581921
2021-02-03,121,231,219,6375,114,6606,105,1.6422193877551061,-31151,6494.0,6339.5,80.73826024051812,0.5205479452054794
2021-02-04,126,230,175,6448,121,6678,54,1.1450980392156973,-31097,6539.285714285715,6372.214285714285,82.58675092634525,0.6914285714285714
2021-02-05,123,255,164,6312,221,6567,-57,-2.109181141439209,-31154,6557.857142857143,6397.5,69.29990036410483,1.3475609756097562
2021-02-06,144,275,190,6353,141,6628,49,0.6495564005069676,-31105,6574.428571428572,6432.642857142857,70.36774152704939,0.7421052631578947
2021-02-07,131,251,180,6396,148,6647,32,0.6768455847631083,-31073,6589.0,6474.214285714285,73.73827590425374,0.8222222222222222
2021-02-08,93,248,175,6410,162,6658,13,0.21888680425266038,-31060,6617.0,6512.714285714285,51.264022471889554,0.9257142857142857
2021-02-09,184,280,210,6360,220,6640,-10,-0.7800312012480548,-31070,6632.0,6539.214285714285,36.51027252703454,1.0476190476190477
2021-02-10,81,200,212,6326,279,6526,-67,-0.5345911949685589,-31137,6620.571428571428,6557.285714285715,54.2274750252806,1.3160377358490567
2021-02-11,98,220,167,6234,210,6454,-43,-1.4543155232374372,-31180,6588.571428571428,6563.928571428572,76.2929816406303,1.2574850299401197
2021-02-12,113,209,160,6229,164,6438,-4,-0.08020532563361993,-31184,6570.142857142857,6564.0,95.527358335059,1.025
2021-02-13,159,304,139,6227,160,6531,-21,-0.03210788248515506,-31205,6556.285714285715,6565.357142857143,92.73027963887193,1.1510791366906474
2021-02-14,116,213,217,6245,149,6458,68,0.28906375461699163,-31137,6529.285714285715,6559.142857142857,89.36948451179217,0.6866359447004609
2021-02-15,93,196,169,6270,188,6466,-19,0.4003202562049557,-31156,6501.857142857143,6559.428571428572,70.82002676132629,1.1124260355029585
2021-02-16,124,234,161,5989,197,6223,-36,-4.481658692185009,-31192,6442.285714285715,6537.142857142857,103.22259811641888,1.2236024844720497
2021-02-17,92,203,173,6002,165,6205,8,0.21706461846719982,-31184,6396.428571428572,6508.5,128.13125710621173,0.953757225433526
2021-02-18,186,259,172,6023,143,6282,29,0.3498833722092698,-31155,6371.857142857143,6480.214285714285,131.6933667924927,0.8313953488372093
2021-02-19,154,225,220,6050,169,6275,51,0.4482815872488777,-31104,6348.571428571428,6459.357142857143,132.45736061446948,0.7681818181818182
2021-02-20,91,199,172,6090,185,6289,-13,0.6611570247933907,-31117,6314.0,6435.142857142857,105.80800221785074,1.0755813953488371
2021-02-21,81,213,153,5925,177,6138,-24,-2.7093596059113323,-31141,6268.285714285715,6398.785714285715,102.29322930626593,1.1568627450980393
2021-02-22,209,285,184,5967,138,6252,46,0.7088607594936791,-31095,6237.714285714285,6369.785714285715,53.87551789608209,0.75
2021-02-23,184,314,217,6040,137,6354,80,1.2233953410424103,-31015,6256.428571428572,6349.357142857143,68.6412343101334,0.631336405529954
2021-02-24,107,215,230,6091,173,6306,57,0.8443708609271461,-30958,6270.857142857143,6333.642857142857,66.61438426102687,0.7521739130434782
2021-02-25,101,162,178,6118,193,6280,-15,0.44327696601542677,-30973,6270.571428571428,6321.214285714285,66.5628954269464,1.0842696629213484
2021-02-26,99,190,176,5968,153,6158,23,-2.4517816279829963,-30950,6253.857142857143,6301.214285714285,78.82560618527347,0.8693181818181818
2021-02-27,167,239,166,6013,123,6252,43,0.7540214477211871,-30907,6248.571428571428,6281.285714285715,77.30212835115672,0.7409638554216867
2021-02-28,115,216,169,6047,137,6263,32,0.5654415433228088,-30875,6266.428571428572,6267.357142857143,60.005158508403305,0.8106508875739645
2021-03-01,84,158,193,6075,159,6233,34,0.4630395237307683,-30841,6263.714285714285,6250.714285714285,61.18473198904284,0.8238341968911918
2021-03-02,130,227,192,5889,210,6116,-18,-3.0617283950617247,-30859,6229.714285714285,6243.071428571428,68.35864804035062,1.09375
2021-03-03,88,214,160,5935,106,6149,54,0.7811173374087321,-30805,6207.285714285715,6239.071428571428,64.82210087543177,0.6625
2021-03-04,113,208,159,6013,107,6221,52,1.314237573715249,-30753,6198.857142857143,6234.714285714285,57.176418715610296,0.6729559748427673
2021-03-05,174,285,150,6036,129,6321,21,0.38250457342425825,-30732,6222.142857142857,6238.0,69.60466596291744,0.86
2021-03-06,104,230,206,6076,160,6306,46,0.662690523525522,-30686,6229.857142857143,6239.214285714285,76.14991479843732,0.7766990291262136
2021-03-07,147,276,214,5918,195,6194,19,-2.600394996708366,-30667,6220.0,6243.214285714285,75.60864148142375,0.9112149532710281
2021-03-08,108,220,213,5966,154,6186,59,0.811084825954711,-30608,6213.285714285715,6238.5,76.34508123364124,0.7230046948356808
2021-03-09,180,280,146,6043,109,6323,37,1.2906469996647685,-30571,6242.857142857143,6236.285714285715,72.36810662952634,0.7465753424657534
2021-03-10,134,294,186,6077,138,6371,48,0.5626344530862193,-30523,6274.571428571428,6240.928571428572,73.022501424459,0.7419354838709677
2021-03-11,202,313,158,5974,192,6287,-34,-1.6949152542372836,-30557,6284.0,6241.428571428572,69.10861017267914,1.2151898734177216
2021-03-12,110,272,193,6008,156,6280,37,0.5691329092735176,-30520,6278.142857142857,6250.142857142857,67.16007884506658,0.8082901554404145
2021-03-13,166,277,229,6106,126,6383,103,1.6311584553928116,-30417,6289.142857142857,6259.5,77.92609441307512,0.5502183406113537
2021-03-14,136,276,178,6149,160,6425,18,0.7042253521126751,-30399,6322.142857142857,6271.071428571428,79.80899817987513,0.898876404494382
2021-03-15,87,246,173,6148,177,6394,-4,-0.01626280696047644,-30403,6351.857142857143,6282.571428571428,55.77463154345792,1.023121387283237
2021-03-16,84,171,157,5990,184,6161,-27,-2.569941444372148,-30430,6328.714285714285,6285.785714285715,91.75095691728315,1.1719745222929936
2021-03-17,167,209,157,6007,132,6216,25,0.28380634390650084,-30405,6306.571428571428,6290.571428571428,98.313880238846,0.8407643312101911
2021-03-18,109,245,159,6045,126,6290,33,0.6325953054769462,-30372,6307.0,6295.5,98.22083960816278,0.7924528301886793
2021-03-19,156,256,176,6086,137,6342,39,0.6782464846980973,-30333,6315.857142857143,6297.0,98.17574135434515,0.7784090909090909
2021-03-20,125,232,192,6084,177,6316,15,-0.032862306933945096,-30318,6306.285714285715,6297.714285714285,93.70292468881219,0.921875
2021-03-21,118,139,168,5963,145,6102,23,-1.9888231426692937,-30295,6260.142857142857,6291.142857142857,104.41651940094918,0.8630952380952381
2021-03-22,142,235,139,5975,138,6210,1,0.20124098608083063,-30294,6233.857142857143,6292.857142857143,86.77255436182313,0.9928057553956835
2021-03-23,148,245,175,5966,151,6211,24,-0.15062761506275946,-30270,6241.0,6284.857142857143,81.68435182660552,0.8628571428571429
2021-03-24,119,219,210,6025,172,6244,38,0.988937311431437,-30232,6245.0,6275.785714285715,80.93824806603688,0.819047619047619
2021-03-25,105,210,149,5816,195,6026,-46,-3.4688796680497958,-30278,6207.285714285715,6257.142857142857,112.0159427428564,1.308724832214765
2021-03-26,143,203,163,5819,138,6022,25,0.05158184319120629,-30253,6161.571428571428,6238.714285714285,113.16633354323471,0.8466257668711656
2021-03-27,119,209,152,5844,146,6053,6,0.42962708369136404,-30247,6124.0,6215.142857142857,95.65388997143,0.9605263157894737
2021-03-28,155,212,181,5879,148,6091,33,0.5989048596851454,-30214,6122.428571428572,6191.285714285715,96.16454152970744,0.8176795580110497
2021-03-29,109,214,173,5850,210,6064,-37,-0.493281170267057,-30251,6101.571428571428,6167.714285714285,89.61558112824049,1.2138728323699421
2021-03-30,191,283,192,5664,207,5947,-15,-3.1794871794871837,-30266,6063.857142857143,6152.428571428572,91.42105623875483,1.078125
2021-03-31,170,297,196,5715,129,6012,67,0.9004237288135597,-30199,6030.714285714285,6137.857142857143,45.99896479166647,0.6581632653061225
2021-04-01,152,272,214,5826,112,6098,102,1.942257217847776,-30097,6041.0,6124.142857142857,52.376839665385326,0.5233644859813084
2021-04-02,239,367,224,5862,211,6229,13,0.6179196704428458,-30084,6070.571428571428,6116.071428571428,86.91155876877953,0.9419642857142857
2021-04-03,113,280,237,5963,143,6243,94,1.7229614466052645,-29990,6097.714285714285,6110.857142857143,107.69356880475539,0.6033755274261603
2021-04-04,196,306,187,5986,149,6292,38,0.38571188998826056,-29952,6126.428571428572,6124.428571428572,130.07543598857833,0.7967914438502673
2021-04-05,236,330,222,6061,115,6391,107,1.2529234881389906,-29845,6173.142857142857,6137.357142857143,159.3438928559097,0.5180180180180181
2021-04-06,81,230,242,6192,107,6422,135,2.161359511631744,-29710,6241.0,6152.428571428572,147.70466027402713,0.44214876033057854
2021-04-07,118,245,160,6269,115,6514,45,1.2435400516795925,-29665,6312.714285714285,6171.714285714285,139.63489808032799,0.71875
2021-04-08,218,283,208,6310,150,6593,58,0.6540118041154841,-29607,6383.428571428572,6212.214285714285,138.10727369555016,0.7211538461538461
2021-04-09,132,243,183,6286,172,6529,11,-0.38034865293185005,-29596,6426.285714285715,6248.428571428572,128.40523650499273,0.9398907103825137
2021-04-10,224,315,152,6268,174,6583,-22,-0.2863506204263455,-29618,6474.857142857143,6286.285714285715,110.5884692172183,1.144736842105263
2021-04-11,167,326,213,6310,149,6636,64,0.6700701978302526,-29554,6524.0,6325.214285714285,90.37329989178892,0.6995305164319249
2021-04-12,209,353,232,6402,152,6755,80,1.4580031695720974,-29474,6576.0,6374.571428571428,104.68046618160268,0.6551724137931034
2021-04-13,153,253,286,6481,194,6734,92,1.2339893783192668,-29382,6620.571428571428,6430.785714285715,94.06532684407784,0.6783216783216783
2021-04-14,180,337,219,6408,224,6745,-5,-1.126369387440207,-29387,6653.571428571428,6483.142857142857,90.91361677044338,1.0228310502283104
2021-04-15,133,287,189,6454,149,6741,40,0.7178526841448152,-29347,6674.714285714285,6529.071428571428,91.6855391827705,0.7883597883597884
2021-04-16,187,310,247,6506,151,6816,96,0.8057018903005808,-29251,6715.714285714285,6571.0,78.950858736528,0.611336032388664
2021-04-17,168,285,210,6598,134,6883,76,1.4140793114048478,-29175,6758.571428571428,6616.714285714285,76.28205805397062,0.638095238095238
2021-04-18,269,412,204,6600,238,7012,-34,0.030312215822969613,-29209,6812.285714285715,6668.142857142857,103.2145246330906,1.1666666666666667
2021-04-19,100,255,236,6595,268,6850,-32,-0.07575757575757347,-29241,6825.857142857143,6700.928571428572,100.6403308344767,1.1355932203389831
2021-04-20,205,294,177,6548,231,6842,-54,-0.7126611068991706,-29295,6841.285714285715,6730.928571428572,92.12982558271482,1.305084745762712
2021-04-21,161,304,211,6622,155,6926,56,1.1301160659743514,-29239,6867.142857142857,6760.357142857143,85.78350379767741,0.7345971563981043
2021-04-22,57,162,193,6689,107,6851,86,1.011778918755657,-29153,6882.857142857143,6778.785714285715,66.79927287882265,0.5544041450777202
2021-04-23,80,122,152,6707,135,6829,17,0.26909851995813305,-29136,6884.714285714285,6800.214285714285,64.78094958062883,0.8881578947368421
2021-04-24,107,170,133,6465,216,6635,-83,-3.608170568063218,-29219,6849.285714285715,6803.928571428572,114.56252191955345,1.6240601503759398
2021-04-25,99,156,139,6454,177,6610,-38,-0.1701469450889448,-29257,6791.857142857143,6802.071428571428,120.02975821495242,1.2733812949640289
2021-04-26,25,66,94,6405,144,6471,-50,-0.7592190889370909,-29307,6737.714285714285,6781.785714285715,166.0780080621819,1.5319148936170213
2021-04-27,35,70,53,6292,170,6362,-117,-1.764246682279469,-29424,6669.142857142857,6755.214285714285,209.30952245531964,3.207547169811321
2021-04-28,43,73,64,5882,185,5955,-121,-6.5162110616656115,-29545,6530.428571428572,6698.785714285715,308.8137826926623,2.890625
2021-04-29,41,60,71,5769,190,5829,-119,-1.921115266916018,-29664,6384.428571428572,6633.642857142857,367.92655840663554,2.676056338028169
2021-04-30,65,83,65,5703,133,5786,-68,-1.14404576183047,-29732,6235.428571428572,6560.071428571428,369.0721958022379,2.046153846153846
2021-05-01,38,80,82,5605,184,5685,-102,-1.7183938278099276,-29834,6099.714285714285,6474.5,372.3061975872886,2.2439024390243905
2021-05-02,56,82,68,5507,164,5589,-96,-1.7484388938447837,-29930,5953.857142857143,6372.857142857143,337.4386011170192,2.411764705882353
2021-05-03,74,103,80,5092,235,5195,-155,-7.535863446522606,-30085,5771.571428571428,6254.642857142857,355.67300391551805,2.9375
2021-05-04,68,107,102,5019,181,5126,-79,-1.4336213668499576,-30164,5595.0,6132.071428571428,318.573382441163,1.7745098039215685
2021-05-05,92,124,93,4957,139,5081,-46,-1.2353058378163029,-30210,5470.142857142857,6000.285714285715,325.1678687342082,1.4946236559139785
2021-05-06,113,162,107,4903,164,5065,-57,-1.0893685696994115,-30267,5361.0,5872.714285714285,312.6185108616229,1.5327102803738317
2021-05-07,106,196,131,4881,159,5077,-28,-0.4487048745665967,-30295,5259.714285714285,5747.571428571428,262.8692414400061,1.213740458015267
2021-05-08,86,152,168,4628,176,4780,-8,-5.183364064740836,-30303,5130.428571428572,5615.071428571428,240.43561656770592,1.0476190476190477
2021-05-09,84,118,136,4638,127,4756,9,0.2160760587726962,-30294,5011.428571428572,5482.642857142857,172.06477185726882,0.9338235294117647
2021-05-10,59,64,117,4728,54,4792,63,1.9404915912031084,-30231,4953.857142857143,5362.714285714285,167.77308939105305,0.46153846153846156
2021-05-11,62,97,52,4717,83,4814,-31,-0.2326565143824011,-30262,4909.285714285715,5252.142857142857,155.40668613430785,1.5961538461538463
2021-05-12,91,75,97,4621,174,4696,-77,-2.0351918592325657,-30339,4854.285714285715,5162.214285714285,152.60921148011062,1.7938144329896908
2021-05-13,29,51,11,4241,182,4292,-171,-8.223328283921227,-30510,4743.857142857143,5052.428571428572,233.14546858950587,16.545454545454547
2021-05-14,33,53,34,4161,127,4214,-93,-1.8863475595378487,-30603,4620.571428571428,4940.142857142857,254.79067038315497,3.735294117647059
2021-05-15,32,49,39,4096,101,4145,-62,-1.5621244893054609,-30665,4529.857142857143,4830.142857142857,297.9532561613572,2.58974358974359
2021-05-16,32,50,39,4036,99,4086,-60,-1.46484375,-30725,4434.142857142857,4722.785714285715,319.9991815465928,2.5384615384615383
2021-05-17,47,42,47,3923,159,3965,-112,-2.7998017839445,-30837,4316.0,4634.928571428572,318.51896856128843,3.382978723404255
2021-05-18,20,22,41,3483,168,3505,-127,-11.2159061942391,-30964,4129.0,4519.142857142857,359.0868047329898,4.097560975609756
2021-05-19,23,45,11,3403,102,3448,-91,-2.296870513924776,-31055,3950.714285714286,4402.5,339.95868096273244,9.272727272727273
2021-05-20,34,54,29,3359,74,3413,-45,-1.2929767851895368,-31100,3825.1428571428573,4284.5,354.897839089636,2.5517241379310347
2021-05-21,26,36,36,3290,104,3326,-68,-2.054182792497772,-31168,3698.285714285714,4159.428571428572,351.4255323136362,2.888888888888889
2021-05-22,25,32,27,3181,145,3213,-118,-3.313069908814592,-31286,3565.1428571428573,4047.5,329.8633194579661,5.37037037037037
2021-05-23,15,13,23,2878,99,2891,-76,-9.52530650738761,-31362,3394.4285714285716,3914.285714285714,324.55911487376056,4.304347826086956
2021-05-24,16,18,15,2834,63,2852,-48,-1.5288394718554588,-31410,3235.4285714285716,3775.714285714286,265.75104712425866,4.2
2021-05-25,11,22,12,2799,50,2821,-38,-1.235003528581513,-31448,3137.714285714286,3633.3571428571427,275.6771749019608,4.166666666666667
2021-05-26,16,20,20,2752,66,2772,-46,-1.6791711325473413,-31494,3041.1428571428573,3495.9285714285716,267.1375604262687,3.3
2021-05-27,15,10,23,2703,72,2713,-49,-1.7805232558139483,-31543,2941.1428571428573,3383.1428571428573,233.6574619476818,3.130434782608696
2021-05-28,8,17,14,2532,15,2549,-1,-6.326304106548275,-31544,2830.1428571428573,3264.214285714286,202.89112726739225,1.0714285714285714
2021-05-29,18,19,11,2536,9,2555,2,0.15797788309637184,-31542,2736.1428571428573,3150.6428571428573,137.99810212644397,0.8181818181818182
2021-05-30,12,17,17,2528,19,2545,-2,-0.3154574132492094,-31544,2686.714285714286,3040.5714285714284,135.22415253421272,1.1176470588235294
2021-05-31,13,25,15,2520,32,2545,-17,-0.31645569620253333,-31561,2642.8571428571427,2939.1428571428573,121.80096957947855,2.1333333333333333
2021-06-01,7,16,8,2423,35,2439,-27,-3.8492063492063466,-31588,2588.285714285714,2863.0,114.00981578470906,4.375
2021-06-02,20,22,14,2413,24,2435,-10,-0.4127115146512539,-31598,2540.1428571428573,2790.6428571428573,92.65604598280865,1.7142857142857142
2021-06-03,11,7,7,2413,23,2420,-16,0.0,-31614,2498.285714285714,2719.714285714286,62.983368931254375,3.2857142857142856
2021-06-04,12,21,1,2411,23,2432,-22,-0.08288437629506706,-31636,2481.5714285714284,2655.8571428571427,62.80620230235941,23.0
2021-06-05,10,15,17,2391,37,2406,-20,-0.8295313148071304,-31656,2460.285714285714,2598.214285714286,58.900238499212264,2.176470588235294
2021-06-06,12,24,4,2297,31,2321,-27,-3.931409452112089,-31683,2428.285714285714,2557.5,65.66509546121858,7.75
2021-06-07,8,29,18,2287,25,2316,-7,-0.4353504571179778,-31690,2395.5714285714284,2519.214285714286,53.79856609903389,1.3888888888888888
2021-06-08,4,25,10,2272,30,2297,-20,-0.655881066899866,-31710,2375.285714285714,2481.785714285714,60.985556447938016,3.0
2021-06-09,5,20,4,2238,40,2258,-36,-1.4964788732394374,-31746,2350.0,2445.0714285714284,68.3495915620084,10.0
2021-06-10,7,27,6,2218,33,2245,-27,-0.893655049151032,-31773,2325.0,2411.6428571428573,70.45092854860182,5.5
2021-06-11,12,25,15,2137,30,2162,-15,-3.6519386834986456,-31788,2286.4285714285716,2384.0,75.81305328006613,2.0
2021-06-12,6,28,8,2125,23,2153,-15,-0.5615348619560145,-31803,2250.285714285714,2355.285714285714,69.33905654053893,2.875
2021-06-13,3,11,7,2116,20,2127,-13,-0.4235294117647004,-31816,2222.5714285714284,2325.4285714285716,74.91074053596378,2.857142857142857
2021-06-14,6,18,2,2113,8,2131,-6,-0.14177693761814325,-31822,2196.1428571428573,2295.8571428571427,68.84385368719398,4.0
2021-06-15,4,20,9,2116,6,2136,3,0.14197823000472454,-31819,2173.1428571428573,2274.214285714286,55.04370557872389,0.6666666666666666
2021-06-16,1,9,8,2117,5,2126,3,0.04725897920605515,-31816,2154.285714285714,2252.1428571428573,42.25207799938264,0.625
2021-06-17,5,14,0,2111,8,2125,-8,-0.28341993386867825,-31824,2137.1428571428573,2231.0714285714284,14.622227047800589,inf
2021-06-18,19,34,6,2109,8,2143,-2,-0.0947418285172863,-31826,2134.4285714285716,2210.4285714285716,10.390013521661121,1.3333333333333333
2021-06-19,6,22,14,2119,9,2141,5,0.4741583688952167,-31821,2132.714285714286,2191.5,7.364651740987036,0.6428571428571429
2021-06-20,9,20,11,2124,7,2144,4,0.23596035865973697,-31817,2135.1428571428573,2178.8571428571427,7.946247993284287,0.6363636363636364
2021-06-21,15,29,9,2136,2,2165,7,0.5649717514124353,-31810,2140.0,2168.0714285714284,13.466006585518452,0.2222222222222222
2021-06-22,7,13,11,2139,7,2152,4,0.1404494382022392,-31806,2142.285714285714,2157.714285714286,14.020393311148933,0.6363636363636364
2021-06-23,12,19,7,2145,6,2164,1,0.28050490883591017,-31805,2147.714285714286,2151.0,14.02039331114789,0.8571428571428571
2021-06-24,9,21,15,2159,2,2180,13,0.6526806526806483,-31792,2155.5714285714284,2146.3571428571427,14.57002794484363,0.13333333333333333
2021-06-25,1,19,13,2159,2,2178,11,0.0,-31781,2160.5714285714284,2147.5,15.51190019458713,0.15384615384615385
2021-06-26,9,20,5,2188,2,2208,3,1.3432144511347888,-31778,2170.1428571428573,2151.4285714285716,21.09050790847063,0.4
2021-06-27,9,25,8,2193,5,2218,3,0.22851919561244216,-31775,2180.714285714286,2157.9285714285716,24.129610342187163,0.625
2021-06-28,17,36,7,2191,12,2227,-5,-0.09119927040583953,-31780,2189.5714285714284,2164.785714285714,28.401039552218776,1.7142857142857142
2021-06-29,5,31,16,2208,3,2239,13,0.7759014148790433,-31767,2202.0,2172.1428571428573,28.254793104195947,0.1875
2021-06-30,12,26,18,2223,8,2249,10,0.6793478260869623,-31757,2214.1428571428573,2180.9285714285716,27.455591850059424,0.4444444444444444
2021-07-01,7,14,7,2234,11,2248,-4,0.49482681061627787,-31761,2223.8571428571427,2189.714285714286,25.307631072537575,1.5714285714285714
2021-07-02,12,22,9,2237,5,2259,4,0.13428827215755668,-31757,2235.4285714285716,2198.0,18.42875599834326,0.5555555555555556
2021-07-03,12,34,12,2243,9,2277,3,0.26821636119802594,-31754,2245.285714285714,2207.714285714286,19.720668394660038,0.75
2021-07-04,6,19,10,2251,5,2270,5,0.3566651805617438,-31749,2252.714285714286,2216.714285714286,17.384996268778615,0.5
2021-07-05,18,25,17,2265,6,2290,11,0.6219458018658308,-31738,2261.714285714286,2225.6428571428573,18.14491926863843,0.35294117647058826
2021-07-06,8,22,8,2267,9,2289,-1,0.08830022075054789,-31739,2268.8571428571427,2235.4285714285716,17.544501242178473,1.125
2021-07-07,5,26,10,2283,3,2309,7,0.705778561976178,-31732,2277.4285714285716,2245.785714285714,20.614373164848217,0.3
2021-07-08,5,26,9,2282,13,2308,-4,-0.043802014892679875,-31736,2286.0,2254.9285714285716,18.72609587431005,1.4444444444444444
2021-07-09,4,19,12,2286,7,2305,5,0.17528483786153348,-31731,2292.5714285714284,2264.0,15.458084647831734,0.5833333333333334
2021-07-10,11,30,5,2291,8,2321,-3,0.21872265966753623,-31734,2298.8571428571427,2272.0714285714284,16.945290117610135,1.6
2021-07-11,7,26,10,2288,14,2314,-4,-0.13094718463553257,-31738,2305.1428571428573,2278.9285714285716,11.852265205574744,1.4
2021-07-12,4,15,6,2305,4,2320,2,0.7430069930070005,-31736,2309.4285714285716,2285.5714285714284,10.845231562586198,0.6666666666666666
2021-07-13,10,25,5,2308,6,2333,-1,0.130151843817794,-31737,2315.714285714286,2292.285714285714,9.724784244314497,1.2
2021-07-14,7,19,14,2305,17,2324,-3,-0.12998266897746857,-31740,2317.8571428571427,2297.6428571428573,9.651054718002895,1.2142857142857142
2021-07-15,3,23,4,2300,11,2323,-7,-0.2169197396963085,-31747,2320.0,2303.0,8.717797888630985,2.75
2021-07-16,3,9,7,2294,13,2303,-6,-0.260869565217392,-31753,2319.714285714286,2306.1428571428573,9.3043768516999,1.8571428571428572
2021-07-17,9,40,12,2301,4,2341,8,0.30514385353095363,-31745,2322.5714285714284,2310.714285714286,12.340409811376645,0.3333333333333333
2021-07-18,6,26,12,2307,8,2333,4,0.26075619295957697,-31741,2325.285714285714,2315.214285714286,12.229939844431817,0.6666666666666666
2021-07-19,11,25,11,2304,15,2329,-4,-0.13003901170350884,-31745,2326.5714285714284,2318.0,12.053452381483906,1.3636363636363635
2021-07-20,7,34,9,2309,12,2343,-3,0.21701388888888395,-31748,2328.0,2321.8571428571427,13.453624048076335,1.3333333333333333
2021-07-21,13,32,14,2306,16,2338,-2,-0.12992637505413462,-31750,2330.0,2323.9285714285716,13.796134725360606,1.1428571428571428
2021-07-22,9,31,10,2335,5,2366,5,1.2575888985255856,-31745,2336.1428571428573,2328.0714285714284,18.81868372574963,0.5
2021-07-23,15,44,20,2331,17,2375,3,-0.17130620985010836,-31742,2346.4285714285716,2333.0714285714284,17.299876135759053,0.85
2021-07-24,10,33,16,2339,16,2372,0,0.343200343200345,-31742,2350.8571428571427,2336.714285714286,19.50579889425348,1.0
2021-07-25,10,30,15,2335,10,2365,5,-0.17101325352715246,-31737,2355.4285714285716,2340.3571428571427,18.338094620558653,0.6666666666666666
2021-07-26,15,24,16,2361,11,2385,5,1.1134903640257043,-31732,2363.4285714285716,2345.0,17.057326313909552,0.6875
2021-07-27,15,20,12,2385,3,2405,9,1.016518424396451,-31723,2372.285714285714,2350.1428571428573,20.442719044479603,0.25
2021-07-28,7,33,14,2392,7,2425,7,0.2935010482180367,-31716,2384.714285714286,2357.3571428571427,22.4700859351152,0.5
2021-07-29,18,29,12,2394,11,2423,1,0.08361204013378476,-31715,2392.8571428571427,2364.5,24.768451516048472,0.9166666666666666
2021-07-30,7,30,14,2394,11,2424,3,0.0,-31712,2399.8571428571427,2373.1428571428573,25.783900477548702,0.7857142857142857
2021-07-31,15,31,14,2410,14,2441,0,0.6683375104427736,-31712,2409.714285714286,2380.285714285714,26.5374847200079,1.0
2021-08-01,13,28,14,2437,9,2465,5,1.120331950207465,-31707,2424.0,2389.714285714286,25.344295874216265,0.6428571428571429
2021-08-02,7,27,17,2457,6,2484,11,0.8206811653672652,-31696,2438.1428571428573,2400.785714285714,27.48592713558331,0.35294117647058826
2021-08-03,14,62,13,2467,18,2529,-5,0.40700040700041296,-31701,2455.8571428571427,2414.0714285714284,39.77615940697588,1.3846153846153846
2021-08-04,18,36,17,2473,15,2509,2,0.2432103769760774,-31699,2467.8571428571427,2426.285714285714,41.54687542004919,0.8823529411764706
2021-08-05,6,24,7,2504,11,2528,-4,1.2535382126971362,-31703,2482.8571428571427,2437.8571428571427,41.607004905051745,1.5714285714285714
2021-08-06,12,39,12,2499,14,2538,-2,-0.19968051118210983,-31705,2499.1428571428573,2449.5,36.757895167826234,1.1666666666666667
2021-08-07,13,38,15,2506,11,2544,4,0.2801120448179262,-31701,2513.8571428571427,2461.785714285714,29.503833488246087,0.7333333333333333
2021-08-08,8,24,16,2528,12,2552,4,0.8778930566640142,-31697,2526.285714285714,2475.1428571428573,23.128008170412205,0.75
2021-08-09,10,19,5,2518,16,2537,-11,-0.39556962025316666,-31708,2533.8571428571427,2486.0,13.75292176843565,3.2
2021-08-10,5,23,11,2519,15,2542,-4,0.03971405877680745,-31712,2535.714285714286,2495.785714285714,13.86499532145394,1.3636363636363635
2021-08-11,4,16,9,2516,16,2532,-7,-0.11909487892021176,-31719,2539.0,2503.4285714285716,7.937253934820713,1.7777777777777777
2021-08-12,8,26,5,2503,21,2529,-16,-0.5166931637519911,-31735,2539.1428571428573,2511.0,7.712080815319308,4.2
2021-08-13,10,16,15,2507,13,2523,2,0.15980823012384793,-31733,2537.0,2518.0714285714284,9.865765725941902,0.8666666666666667
2021-08-14,8,21,14,2516,9,2537,5,0.35899481451935333,-31728,2536.0,2524.9285714285716,9.380831521024225,0.6428571428571429
2021-08-15,17,28,7,2511,12,2539,-5,-0.1987281399046137,-31733,2534.1428571428573,2530.214285714286,6.542898733388372,1.7142857142857142
2021-08-16,7,24,10,2523,14,2547,-4,0.4778972520907976,-31737,2535.5714285714284,2534.714285714286,8.162049230732029,1.4
2021-08-17,8,19,7,2501,18,2520,-11,-0.8719778042013515,-31748,2532.4285714285716,2534.0714285714284,9.41376904565354,2.5714285714285716
2021-08-18,7,13,5,2508,7,2521,-2,0.27988804478209506,-31750,2530.8571428571427,2534.9285714285716,10.367072417131727,1.4
2021-08-19,3,15,5,2495,17,2510,-12,-0.5183413078149957,-31762,2528.1428571428573,2533.6428571428573,13.069411763174312,3.4
2021-08-20,5,20,5,2489,16,2509,-11,-0.24048096192385016,-31773,2526.1428571428573,2531.5714285714284,14.926805546914862,3.2
2021-08-21,6,12,2,2470,24,2482,-22,-0.7633587786259555,-31795,2518.285714285714,2527.1428571428573,21.351926422004297,12.0
2021-08-22,3,9,7,2447,35,2456,-28,-0.9311740890688314,-31823,2506.4285714285716,2520.285714285714,29.44405510418633,5.0
2021-08-23,5,17,7,2413,20,2430,-13,-1.389456477319162,-31836,2489.714285714286,2512.6428571428573,35.217014286622145,2.857142857142857
2021-08-24,9,22,8,2407,16,2429,-8,-0.2486531288852012,-31844,2476.714285714286,2504.5714285714284,38.788805454635195,2.0
2021-08-25,7,14,6,2391,22,2405,-16,-0.6647278770253395,-31860,2460.1428571428573,2495.5,41.4062337154972,3.6666666666666665
2021-08-26,8,20,9,2373,38,2393,-29,-0.7528230865746499,-31889,2443.4285714285716,2485.785714285714,41.54057110398596,4.222222222222222
2021-08-27,4,17,2,2332,8,2349,-6,-1.7277707543194243,-31895,2420.5714285714284,2473.3571428571427,43.42371526764402,4.0
2021-08-28,3,18,8,2317,20,2335,-12,-0.6432246998284707,-31907,2399.5714285714284,2458.9285714285716,44.30145649575783,2.5
2021-08-29,5,16,8,2306,20,2322,-12,-0.4747518342684498,-31919,2380.4285714285716,2443.4285714285716,44.80274226330672,2.5
2021-08-30,2,18,0,2281,32,2299,-32,-1.0841283607979202,-31951,2361.714285714286,2425.714285714286,47.89820555370301,inf
2021-08-31,2,12,3,2252,39,2264,-36,-1.2713722051731713,-31987,2338.1428571428573,2407.4285714285716,49.82779870550542,13.0
2021-09-01,1,13,4,2204,10,2217,-6,-2.131438721136769,-31993,2311.285714285714,2385.714285714286,57.81209298464407,2.5
2021-09-02,2,9,1,2181,26,2190,-25,-1.0435571687840262,-32018,2282.285714285714,2362.8571428571427,60.82684244584791,26.0
2021-09-03,0,8,5,2171,17,2179,-12,-0.4585052728106387,-32030,2258.0,2339.285714285714,63.62389488256293,3.4
2021-09-04,1,9,0,2164,11,2173,-11,-0.32243205895901017,-32041,2234.8571428571427,2317.214285714286,60.325308595733304,inf
2021-09-05,3,16,2,2153,17,2169,-15,-0.5083179297597051,-32056,2213.0,2296.714285714286,50.38849074965214,8.5
2021-09-06,4,18,7,2121,16,2139,-9,-1.4862981885740867,-32065,2190.1428571428573,2275.9285714285716,40.11827751168,2.2857142857142856
2021-09-07,5,13,3,2117,16,2130,-13,-0.1885902876001877,-32078,2171.0,2254.5714285714284,29.59166549376379,5.333333333333333
2021-09-08,6,21,5,2111,14,2132,-9,-0.28341993386867825,-32087,2158.8571428571427,2235.0714285714284,24.58609750457434,2.8
2021-09-09,6,18,7,2096,29,2114,-22,-0.710563713879675,-32109,2148.0,2215.1428571428573,25.31139400931915,4.142857142857143
2021-09-10,1,12,2,2088,4,2100,-2,-0.3816793893129722,-32111,2136.714285714286,2197.3571428571427,26.756396654504464,2.0
2021-09-11,2,9,3,2080,14,2089,-11,-0.3831417624521105,-32122,2124.714285714286,2179.785714285714,26.606479698247764,4.666666666666667
2021-09-12,2,8,3,2072,12,2080,-9,-0.38461538461538325,-32131,2112.0,2162.5,22.927421719313998,4.0
2021-09-13,4,15,4,2063,16,2078,-12,-0.4343629343629307,-32143,2103.285714285714,2146.714285714286,22.54413660504131,4.0
2021-09-14,2,9,6,2058,15,2067,-9,-0.2423654871546277,-32152,2094.285714285714,2132.6428571428573,22.676818455568903,2.5
2021-09-15,5,26,3,2049,5,2075,-2,-0.4373177842565634,-32154,2086.1428571428573,2122.5,16.18052915816778,1.6666666666666667
2021-09-16,5,22,11,2040,14,2062,-3,-0.43923865300146137,-32157,2078.714285714286,2113.3571428571427,12.854497083392353,1.2727272727272727
2021-09-17,2,21,10,2042,14,2063,-4,0.09803921568627416,-32161,2073.4285714285716,2105.0714285714284,9.913915185969797,1.4
2021-09-18,4,17,3,2036,13,2053,-10,-0.2938295788442735,-32171,2068.285714285714,2096.5,9.82707629971171,4.333333333333333
2021-09-19,4,18,6,2031,17,2049,-11,-0.24557956777996326,-32182,2063.8571428571427,2087.9285714285716,10.621182789053425,2.8333333333333335
2021-09-20,0,18,8,2006,12,2024,-4,-1.230920728705076,-32186,2056.1428571428573,2079.714285714286,16.577379884606216,1.5
2021-09-21,6,23,4,1999,16,2022,-12,-0.34895314057826754,-32198,2049.714285714286,2072.0,20.030928467426747,4.0
2021-09-22,8,38,9,1999,9,2037,0,0.0,-32198,2044.2857142857142,2065.214285714286,16.9481000488907,1.0
2021-09-23,6,22,12,1997,17,2019,-5,-0.10005002501251026,-32203,2038.142857142857,2058.4285714285716,17.247498094081667,1.4166666666666667
2021-09-24,3,27,4,1994,11,2021,-7,-0.1502253380070151,-32210,2032.142857142857,2052.785714285714,14.194230888124745,2.75
2021-09-25,4,14,2,1991,3,2005,-1,-0.15045135406218657,-32211,2025.2857142857142,2046.7857142857142,14.032275721849842,1.5
2021-09-26,4,20,6,1985,14,2005,-8,-0.30135610246107003,-32219,2019.0,2041.4285714285713,11.210114481840323,2.3333333333333335
2021-09-27,5,35,3,1980,11,2015,-8,-0.25188916876573986,-32227,2017.7142857142858,2036.9285714285713,11.056133830024113,3.6666666666666665
2021-09-28,10,38,10,1983,10,2021,0,0.15151515151514694,-32227,2017.5714285714287,2033.642857142857,10.997835286168382,1.0
2021-09-29,6,49,8,1972,21,2021,-13,-0.5547150781644028,-32240,2015.2857142857142,2029.7857142857142,7.341986239028752,2.625
2021-09-30,4,21,5,1981,5,2002,0,0.4563894523326617,-32240,2012.857142857143,2025.5,8.610624667943718,1.0
2021-10-01,8,30,8,1980,11,2010,-3,-0.050479555779914254,-32243,2011.2857142857142,2021.7142857142858,7.846746370361658,1.375
2021-10-02,10,21,20,1989,15,2010,5,0.454545454545463,-32238,2012.0,2018.642857142857,7.39369100625775,0.75
2021-10-03,5,19,9,1988,19,2007,-10,-0.05027652086475598,-32248,2012.2857142857142,2015.642857142857,7.111359124722685,2.111111111111111
2021-10-04,8,33,6,1984,17,2017,-11,-0.2012072434607659,-32259,2012.5714285714287,2015.142857142857,7.276838666737577,2.8333333333333335
2021-10-05,10,29,17,2010,5,2039,12,1.310483870967749,-32247,2015.142857142857,2016.357142857143,12.239670087010259,0.29411764705882354
2021-10-06,6,35,9,2020,9,2055,0,0.4975124378109541,-32247,2020.0,2017.642857142857,19.527758021919325,1.0
2021-10-07,4,29,11,2019,10,2048,1,-0.04950495049504955,-32246,2026.5714285714287,2019.7142857142858,20.189577698612464,0.9090909090909091
2021-10-08,11,40,2,2015,14,2055,-12,-0.1981178801386818,-32258,2033.0,2022.142857142857,21.173883284899713,7.0
2021-10-09,4,19,9,2026,7,2045,2,0.5459057071960371,-32256,2038.0,2025.0,18.84144368219141,0.7777777777777778
2021-10-10,7,25,5,2025,6,2050,-1,-0.049358341559724295,-32257,2044.142857142857,2028.2142857142858,13.221555273063565,1.2
2021-10-11,18,42,11,2023,14,2065,-3,-0.09876543209876854,-32260,2051.0,2031.7857142857142,8.346656018776345,1.2727272727272727
2021-10-12,10,47,14,2025,18,2072,-4,0.0988630746416197,-32264,2055.714285714286,2035.4285714285713,9.655987534539062,1.2857142857142858
2021-10-13,12,38,29,2047,6,2085,23,1.0864197530864095,-32241,2060.0,2040.0,14.651507318215325,0.20689655172413793
2021-10-14,7,39,13,2083,5,2122,8,1.7586712261846715,-32233,2070.5714285714284,2048.5714285714284,26.475505301719274,0.38461538461538464
2021-10-15,9,47,10,2086,10,2133,0,0.1440230436869916,-32233,2081.714285714286,2057.3571428571427,34.13558400360261,1.0
2021-10-16,7,28,17,2095,12,2123,5,0.431447746883995,-32228,2092.8571428571427,2065.4285714285716,32.860455320009855,0.7058823529411765
2021-10-17,7,38,5,2096,13,2134,-8,0.04773269689737347,-32236,2104.8571428571427,2074.5,29.79613269936685,2.6
2021-10-18,20,52,11,2096,14,2148,-3,0.0,-32239,2116.714285714286,2083.8571428571427,27.735141882939125,1.2727272727272727
2021-10-19,8,35,13,2134,5,2169,8,1.8129770992366456,-32231,2130.5714285714284,2093.1428571428573,25.838325171102078,0.38461538461538464
2021-10-20,17,40,14,2141,10,2181,4,0.32802249297094743,-32227,2144.285714285714,2102.1428571428573,22.932613499843644,0.7142857142857143
2021-10-21,11,36,10,2145,15,2181,-5,0.18682858477347963,-32232,2152.714285714286,2111.6428571428573,24.184804360034434,1.5
2021-10-22,3,38,12,2138,17,2176,-5,-0.32634032634032417,-32237,2158.8571428571427,2120.285714285714,23.800760292572885,1.4166666666666667
2021-10-23,6,35,12,2132,18,2167,-6,-0.280636108512633,-32243,2165.1428571428573,2129.0,17.808505191933506,1.5
2021-10-24,11,29,12,2146,9,2175,3,0.6566604127579811,-32240,2171.0,2137.9285714285716,11.474609653268441,0.75
2021-10-25,8,35,12,2148,13,2183,-1,0.09319664492077884,-32241,2176.0,2146.3571428571427,6.191391875944013,1.0833333333333333
2021-10-26,8,32,12,2159,7,2191,5,0.5121042830539935,-32236,2179.1428571428573,2154.8571428571427,7.492853740131442,0.5833333333333334
2021-10-27,4,33,12,2163,14,2196,-2,0.18527095877720612,-32238,2181.285714285714,2162.785714285714,9.877825094602315,1.1666666666666667
2021-10-28,20,51,15,2164,16,2215,-1,0.046232085067043904,-32239,2186.1428571428573,2169.4285714285716,16.10826466458367,1.0666666666666667
2021-10-29,8,28,13,2180,16,2208,-3,0.7393715341959428,-32242,2190.714285714286,2174.785714285714,17.250258798043394,1.2307692307692308
2021-10-30,5,33,15,2187,10,2220,5,0.32110091743118296,-32237,2198.285714285714,2181.714285714286,16.73035450708506,0.6666666666666666
2021-10-31,11,45,4,2189,10,2234,-6,0.09144947416552807,-32243,2206.714285714286,2188.8571428571427,17.867235244044,2.5
2021-11-01,8,49,15,2192,17,2241,-2,0.13704888076746524,-32245,2215.0,2195.5,18.475208614821714,1.1333333333333333
2021-11-02,11,55,13,2192,12,2247,1,0.0,-32244,2223.0,2201.0714285714284,18.475208614820122,0.9230769230769231
2021-11-03,8,24,7,2223,6,2247,1,1.414233576642343,-32243,2230.285714285714,2205.785714285714,15.934389286461498,0.8571428571428571
2021-11-04,7,30,16,2235,8,2265,8,0.5398110661268607,-32235,2237.4285714285716,2211.785714285714,18.875532159740484,0.5
2021-11-05,8,29,10,2225,15,2254,-5,-0.4474272930648726,-32240,2244.0,2217.3571428571427,14.399074045262987,1.5
2021-11-06,9,33,15,2233,9,2266,6,0.35955056179775013,-32234,2250.5714285714284,2224.4285714285716,11.90038014714793,0.6
2021-11-07,9,34,17,2237,7,2271,10,0.17913121361397,-32224,2255.8571428571427,2231.285714285714,11.524301446815441,0.4117647058823529
2021-11-08,10,39,6,2243,7,2282,-1,0.26821636119802594,-32225,2261.714285714286,2238.3571428571427,13.034752085569998,1.1666666666666667
2021-11-09,13,39,17,2251,9,2290,8,0.3566651805617438,-32217,2267.8571428571427,2245.4285714285716,14.937966969113607,0.5294117647058824
2021-11-10,12,42,13,2261,12,2303,1,0.44424700133274264,-32216,2275.8571428571427,2253.0714285714284,16.787183320526083,0.9230769230769231
2021-11-11,4,27,26,2266,18,2293,8,0.2211410880141429,-32208,2279.8571428571427,2258.6428571428573,17.101935285329315,0.6923076923076923
2021-11-12,4,35,12,2276,10,2311,2,0.44130626654899086,-32206,2288.0,2266.0,16.28905563133373,0.8333333333333334
2021-11-13,2,31,8,2282,11,2313,-3,0.2636203866432263,-32209,2294.714285714286,2272.6428571428573,15.370038883015392,1.375
2021-11-14,6,22,11,2286,6,2308,5,0.17528483786153348,-32204,2300.0,2277.9285714285716,11.803954140905919,0.5454545454545454
2021-11-15,6,25,4,2280,17,2305,-13,-0.2624671916010457,-32217,2303.285714285714,2282.5,8.76953601577744,4.25
2021-11-16,3,17,14,2287,12,2304,2,0.3070175438596445,-32215,2305.285714285714,2286.5714285714284,6.550172664289475,0.8571428571428571
2021-11-17,5,21,10,2277,7,2298,3,-0.4372540445999107,-32212,2304.5714285714284,2290.214285714286,7.091242085344554,0.7
2021-11-18,3,28,5,2269,12,2297,-7,-0.3513394817742599,-32219,2305.1428571428573,2292.5,6.094494004435609,2.4
2021-11-19,6,33,6,2270,8,2303,-2,0.044072278536799736,-32221,2304.0,2296.0,5.537749244405984,1.3333333333333333
2021-11-20,8,41,8,2272,7,2313,1,0.08810572687225626,-32220,2304.0,2299.3571428571427,5.537749244405984,0.875
2021-11-21,6,33,9,2264,19,2297,-10,-0.35211267605633756,-32230,2302.4285714285716,2301.214285714286,5.7693772898796105,2.111111111111111
2021-11-22,11,33,5,2294,4,2327,1,1.3250883392226243,-32229,2305.5714285714284,2304.4285714285716,11.012979356784253,0.8
2021-11-23,11,39,12,2294,14,2333,-2,0.0,-32231,2309.714285714286,2307.5,15.041213224514493,1.1666666666666667
2021-11-24,14,48,20,2302,7,2350,13,0.34873583260679464,-32218,2317.1428571428573,2310.8571428571427,20.23551804385942,0.35
2021-11-25,6,26,16,2317,5,2343,11,0.6516072980017329,-32207,2323.714285714286,2314.4285714285716,20.072487686679377,0.3125
2021-11-26,5,22,3,2340,5,2362,-2,0.9926629261976627,-32209,2332.1428571428573,2318.0714285714284,22.199313589312045,1.6666666666666667
2021-11-27,1,35,6,2343,8,2378,-2,0.12820512820512775,-32211,2341.4285714285716,2322.714285714286,26.107834985806353,1.3333333333333333
2021-11-28,2,38,8,2345,12,2383,-4,0.08536064874093974,-32215,2353.714285714286,2328.0714285714284,21.553919100674428,1.5
2021-11-29,7,32,3,2340,10,2372,-7,-0.2132196162046962,-32222,2360.1428571428573,2332.8571428571427,18.792095603466326,3.3333333333333335
2021-11-30,18,57,8,2340,9,2397,-1,0.0,-32223,2369.285714285714,2339.5,18.953577373810383,1.125
2021-12-01,3,46,22,2375,1,2421,21,1.4957264957264904,-32202,2379.4285714285716,2348.285714285714,24.959014022578405,0.045454545454545456
2021-12-02,9,40,9,2371,13,2411,-4,-0.16842105263158436,-32206,2389.1428571428573,2356.4285714285716,21.396483912932364,1.4444444444444444
2021-12-03,6,47,14,2375,11,2422,3,0.1687051876845258,-32203,2397.714285714286,2364.9285714285716,20.71806205379537,0.7857142857142857
2021-12-04,4,24,8,2389,7,2413,1,0.5894736842105175,-32202,2402.714285714286,2372.0714285714284,19.34523443292684,0.875
2021-12-05,4,18,10,2415,0,2433,10,1.0883214734198399,-32192,2409.8571428571427,2381.785714285714,20.070115192402383,0.0
2021-12-06,4,26,4,2410,9,2436,-5,-0.20703933747412417,-32197,2419.0,2389.5714285714284,13.428824719984739,2.25
2021-12-07,7,34,6,2407,8,2441,-2,-0.12448132780082943,-32199,2425.285714285714,2397.285714285714,11.586116487624686,1.3333333333333333
2021-12-08,4,32,8,2419,7,2451,1,0.4985459077690102,-32198,2429.5714285714284,2404.5,14.830791650450696,0.875
2021-12-09,16,39,7,2418,13,2457,-6,-0.04133939644481721,-32204,2436.1428571428573,2412.6428571428573,15.410262505968525,1.8571428571428572
2021-12-10,4,24,13,2429,12,2453,1,0.454921422663368,-32203,2440.5714285714284,2419.1428571428573,15.120153691206175,0.9230769230769231
2021-12-11,9,27,9,2440,4,2467,5,0.45286125977768155,-32198,2448.285714285714,2425.5,12.202653888862478,0.4444444444444444
2021-12-12,4,30,7,2443,8,2473,-1,0.12295081967212962,-32199,2454.0,2431.9285714285716,13.17826493485567,1.1428571428571428
2021-12-13,10,54,5,2439,9,2493,-4,-0.16373311502251298,-32203,2462.1428571428573,2440.5714285714284,17.199114042184227,1.8
2021-12-14,7,47,9,2437,10,2484,-1,-0.08200082000819897,-32204,2468.285714285714,2446.785714285714,16.028248872888764,1.1111111111111112
2021-12-15,8,35,4,2462,8,2497,-4,1.0258514567090593,-32208,2474.8571428571427,2452.214285714286,17.150593493209364,2.0
2021-12-16,11,42,9,2470,7,2512,2,0.32493907392363575,-32206,2482.714285714286,2459.4285714285716,19.972600279662522,0.7777777777777778
2021-12-17,8,54,15,2468,9,2522,6,-0.08097165991902688,-32200,2492.5714285714284,2466.5714285714284,19.890174650952915,0.6
2021-12-18,7,31,11,2481,10,2512,1,0.5267423014586603,-32199,2499.0,2473.6428571428573,17.358955422480456,0.9090909090909091
2021-12-19,11,50,6,2472,16,2522,-10,-0.36275695284159193,-32209,2506.0,2480.0,14.821156051164209,2.6666666666666665
2021-12-20,6,18,11,2484,14,2502,-3,0.4854368932038833,-32212,2507.285714285714,2484.714285714286,13.864995321469936,1.2727272727272727
